title,phone,web_site,address,category,review_rating,country,city,link
Hanoi Computer,+84 24 3628 0886,https://hacom.vn/,"284 P. Thái Hà, Chợ Dừa, Đống Đa, Hà Nội 100000, Vietnam",Computer store,4.1,VN,Hanoi,https://www.google.com/maps/place/Hanoi+Computer/data=!4m7!3m6!1s0x3135ab7d94ae54b9:0x21aae6c934d53ad6!8m2!3d21.0150428!4d105.8178181!16s%2Fg%2F11c5634jf7!19sChIJuVSulH2rNTER1jrVNMnmqiE?authuser=0&hl=en&rclk=1
TNC Store,+84 868 302 123,http://www.tncstore.vn/,"172 P. Lê Thanh Nghị, Đồng Tâm, Hai Bà Trưng, Hà Nội, Vietnam",Computer store,4.9,VN,Hanoi,https://www.google.com/maps/place/TNC+Store/data=!4m7!3m6!1s0x3135ac70cf94287f:0x7362ea6005b5ac6e!8m2!3d21.0019476!4d105.844173!16s%2Fg%2F11cr_8p0ln!19sChIJfyiUz3CsNTERbqy1BWDqYnM?authuser=0&hl=en&rclk=1
Hoàng Hà PC Cầu Giấy,+84 969 123 666,https://hoanghapc.vn/,"41 P. Khúc Thừa Dụ, Dịch Vọng, Cầu Giấy, Hà Nội, Vietnam",Computer store,4.8,VN,Hanoi,https://www.google.com/maps/place/Ho%C3%A0ng+H%C3%A0+PC+C%E1%BA%A7u+Gi%E1%BA%A5y/data=!4m7!3m6!1s0x3135abd416877447:0xdfce989c77925c71!8m2!3d21.033961!4d105.7928403!16s%2Fg%2F11sy9147cg!19sChIJR3SHFtSrNTERcVySd5yYzt8?authuser=0&hl=en&rclk=1
Vii PC,6334 3381,https://www.viipctrade.com/,"1 Rochor Canal Rd, #05-75 Vii PC, Sim Lim Square, Singapore 188504",Computer store,4.8,SG,Singapore,https://www.google.com/maps/place/Vii+PC/data=!4m7!3m6!1s0x31da19a123e84d51:0x10b894a505c2dcbe!8m2!3d1.3030433!4d103.8529208!16s%2Fg%2F1t_tgtq1!19sChIJUU3oI6EZ2jERvtzCBaWUuBA?authuser=0&hl=en&rclk=1
Máy Tính Nguyễn Công,+84 828 333 363,http://nguyencongpc.vn/,"17 P. Hà Kế Tấn, Phương Liệt, Thanh Xuân, Hà Nội 10000, Vietnam",Computer store,4.8,VN,Hanoi,https://www.google.com/maps/place/M%C3%A1y+T%C3%ADnh+Nguy%E1%BB%85n+C%C3%B4ng/data=!4m7!3m6!1s0x3135adbc142ab95b:0xda48eba865e8e4d0!8m2!3d20.9976822!4d105.836657!16s%2Fg%2F11p00975tq!19sChIJW7kqFLytNTER0OToZajrSNo?authuser=0&hl=en&rclk=1
LaptopGame.vn,+84 963 446 199,http://laptopgame.vn/,"24 Ng. 133 - Thái Hà, Trung Liệt, Đống Đa, Hà Nội 11500, Vietnam",Computer store,5,VN,Hanoi,https://www.google.com/maps/place/LaptopGame.vn/data=!4m7!3m6!1s0x3135ad90d2975ddb:0x81a79071555d6aa5!8m2!3d21.0129243!4d105.8186966!16s%2Fg%2F11hdwfdvym!19sChIJ212X0pCtNTERpWpdVXGQp4E?authuser=0&hl=en&rclk=1
Hoàng Hà PC Đống Đa,+84 396 122 999,https://hoanghapc.vn/,"Vietnam/94F Đ. Láng, Thịnh Quang, Đống Đa, Hà Nội 100000, Vietnam",Computer store,4.7,VN,Hanoi,https://www.google.com/maps/place/Ho%C3%A0ng+H%C3%A0+PC+%C4%90%E1%BB%91ng+%C4%90a/data=!4m7!3m6!1s0x3135adb26e178fc3:0x18f812bf0be1c328!8m2!3d21.0044021!4d105.8183135!16s%2Fg%2F11f5tvtx48!19sChIJw48XbrKtNTERKMPhC78S-Bg?authuser=0&hl=en&rclk=1
"Hoàng Long Computer Hà Đông - PC Gaming, PC Văn phòng, PC Đồ hoạ, PC Giả lập, PC full bộ, VGA, CPU",+84 982 368 008,https://hoanglongcomputer.vn/,"94 P. Nguyễn Văn Trỗi, P. Mộ Lao, Hà Đông, Hà Nội, Vietnam",Computer store,4.9,VN,Hanoi,"https://www.google.com/maps/place/Ho%C3%A0ng+Long+Computer+H%C3%A0+%C4%90%C3%B4ng+-+PC+Gaming,+PC+V%C4%83n+ph%C3%B2ng,+PC+%C4%90%E1%BB%93+ho%E1%BA%A1,+PC+Gi%E1%BA%A3+l%E1%BA%ADp,+PC+full+b%E1%BB%99,+VGA,+CPU/data=!4m7!3m6!1s0x3135accdafe2def5:0xb2b382a2ae076246!8m2!3d20.9808578!4d105.7858505!16s%2Fg%2F11f2plcmbb!19sChIJ9d7ir82sNTERRmIHrqKCs7I?authuser=0&hl=en&rclk=1"
"Hoàng Long Computer Đại La - Máy tính chơi game, Máy Tính Đồ Họa, Văn Phòng",,,"191 Đại La, Tổ 10B, Hai Bà Trưng, Hà Nội 100000, Vietnam",Computer store,5,VN,Hanoi,"https://www.google.com/maps/place/Ho%C3%A0ng+Long+Computer+%C4%90%E1%BA%A1i+La+-+M%C3%A1y+t%C3%ADnh+ch%C6%A1i+game,+M%C3%A1y+T%C3%ADnh+%C4%90%E1%BB%93+H%E1%BB%8Da,+V%C4%83n+Ph%C3%B2ng/data=!4m7!3m6!1s0x3135ad0037f5bfd9:0x25ca3e9878155297!8m2!3d20.9968134!4d105.8440361!16s%2Fg%2F11wbzb63pt!19sChIJ2b_1NwCtNTERl1IVeJg-yiU?authuser=0&hl=en&rclk=1"
An Phát Computer,+84 918 557 006,https://www.anphatpc.com.vn/,"49 P. Thái Hà, Trung Liệt, Đống Đa, Hà Nội 100000, Vietnam",Computer store,4.1,VN,Hanoi,https://www.google.com/maps/place/An+Ph%C3%A1t+Computer/data=!4m7!3m6!1s0x3135ac81c32f0073:0x720827020c66b776!8m2!3d21.0115154!4d105.8214425!16s%2Fg%2F11g6bgh6qs!19sChIJcwAvw4GsNTERdrdmDAInCHI?authuser=0&hl=en&rclk=1
LapMax,+84 326 669 199,https://lapmax.com/,"11 ngõ 3 Thái Hà, Đống Đa, Hà Nội Hà Nội, Hanoi City, 10000, Vietnam",Computer store,4.9,VN,Hanoi,https://www.google.com/maps/place/LapMax/data=!4m7!3m6!1s0x3135af1949a8d815:0x194ebe70d69b3037!8m2!3d21.0094442!4d105.8229066!16s%2Fg%2F11svm7j3tg!19sChIJFdioSRmvNTERNzCb1nC-Thk?authuser=0&hl=en&rclk=1
HANOINEW COMPUTER,+84 24 2239 8888,https://hanoinew.vn/,"30 P. Võ Văn Dũng, Chợ Dừa, Đống Đa, Hà Nội 100000, Vietnam",Computer store,4.3,VN,Hanoi,https://www.google.com/maps/place/HANOINEW+COMPUTER/data=!4m7!3m6!1s0x3135ac7d81dd8237:0x694f5a364d7edbc2!8m2!3d21.0157096!4d105.8240992!16s%2Fg%2F1hm4l0xbz!19sChIJN4LdgX2sNTERwtt-TTZaT2k?authuser=0&hl=en&rclk=1
Minh An Computer - Laptop PC Gaming Đồ Họa Workstation,+84 1800 6321,https://minhancomputer.com/,"91 Nguyễn Xiển, Hạ Đình, Thanh Xuân, Hà Nội 10000, Vietnam",Computer store,4.5,VN,Hanoi,https://www.google.com/maps/place/Minh+An+Computer+-+Laptop+PC+Gaming+%C4%90%E1%BB%93+H%E1%BB%8Da+Workstation/data=!4m7!3m6!1s0x3135ad703f26693f:0x81cbff58cd3cadb2!8m2!3d20.988376!4d105.8061063!16s%2Fg%2F11fr09k7vs!19sChIJP2kmP3CtNTERsq08zVj_y4E?authuser=0&hl=en&rclk=1
Máy Tính PCM,+84 879 979 997,https://pcmarket.vn/,"83 P. Thái Hà, Trung Liệt, Đống Đa, Hà Nội, Vietnam",Computer store,5,VN,Hanoi,https://www.google.com/maps/place/M%C3%A1y+T%C3%ADnh+PCM/data=!4m7!3m6!1s0x3135adf3ddfe2f41:0x2f69910a2650fb88!8m2!3d21.0121923!4d105.8205101!16s%2Fg%2F11gxm5_gcn!19sChIJQS_-3fOtNTERiPtQJgqRaS8?authuser=0&hl=en&rclk=1
"TechSpace Việt Nam | Gaming Gear, PC và Đồ Công Nghệ",+84 342 656 996,http://techspace.vn/,"39 Ngõ 93 Hoàng Văn Thái, Khương Trung, Thanh Xuân, Hà Nội, Vietnam",Electronics store,4.9,VN,Hanoi,"https://www.google.com/maps/place/TechSpace+Vi%E1%BB%87t+Nam+%7C+Gaming+Gear,+PC+v%C3%A0+%C4%90%E1%BB%93+C%C3%B4ng+Ngh%E1%BB%87/data=!4m7!3m6!1s0x3135ac8031d6ad77:0xdf98c7530def4355!8m2!3d20.9948717!4d105.8262663!16s%2Fg%2F11nnv_9xvq!19sChIJd63WMYCsNTERVUPvDVPHmN8?authuser=0&hl=en&rclk=1"
Laptop TCC,+84 762 637 777,http://laptoptcc.com/,"101 P. Lê Thanh Nghị, Đồng Tâm, Hai Bà Trưng, Hà Nội 10000, Vietnam",Computer store,4.7,VN,Hanoi,https://www.google.com/maps/place/Laptop+TCC/data=!4m7!3m6!1s0x3135ac70d6e2779f:0xab4e37ef8772a126!8m2!3d21.0017566!4d105.8437371!16s%2Fg%2F11c1t59w5k!19sChIJn3fi1nCsNTERJqFyh-83Tqs?authuser=0&hl=en&rclk=1
Mansa Computers,8092 0798,http://www.mansacomputers.com/,"1 Ubi View, #01-22 Mansa Computers, Singapore 408555",Computer store,5,SG,Singapore,https://www.google.com/maps/place/Mansa+Computers/data=!4m7!3m6!1s0x31da17c53a1acaed:0x614cf2ab6132d901!8m2!3d1.3317635!4d103.897527!16s%2Fg%2F11f7fnx2s2!19sChIJ7coaOsUX2jERAdkyYavyTGE?authuser=0&hl=en&rclk=1
Gearvn Thái Hà,+84 1800 6975,https://gearvn.com/,"32 P. Thái Hà, Trung Liệt, Đống Đa, Hà Nội 100000, Vietnam",Electronics store,4.7,VN,Hanoi,https://www.google.com/maps/place/Gearvn+Th%C3%A1i+H%C3%A0/data=!4m7!3m6!1s0x3135abd7a4041695:0xa594770e41494bdb!8m2!3d21.0104719!4d105.8227527!16s%2Fg%2F11sythtqpm!19sChIJlRYEpNerNTER20tJQQ53lKU?authuser=0&hl=en&rclk=1
Xgear Vietnam,+84 972 321 881,https://xgear.net/,"10A1 Ng. 49 P. Linh Lang, Cống Vị, Ba Đình, Hà Nội 100000, Vietnam",Computer store,4.9,VN,Hanoi,https://www.google.com/maps/place/Xgear+Vietnam/data=!4m7!3m6!1s0x3135ab70f32ee62d:0x198e65b8a995a239!8m2!3d21.0350984!4d105.8107897!16s%2Fg%2F11n_x0pp35!19sChIJLeYu83CrNTEROaKVqbhljhk?authuser=0&hl=en&rclk=1
Hanoi Computer,+84 1900 1903,https://hacom.vn/,"79 Đ. Nguyễn Văn Huyên, Quan Hoa, Cầu Giấy, Hà Nội 10000, Vietnam",Computer store,3.9,VN,Hanoi,https://www.google.com/maps/place/Hanoi+Computer/data=!4m7!3m6!1s0x3135ab4764432ddb:0x63e02e8abee5b42d!8m2!3d21.0353189!4d105.7978706!16s%2Fg%2F11dftw70h_!19sChIJ2y1DZEerNTERLbTlvoou4GM?authuser=0&hl=en&rclk=1
Playzone Gaming Gear Shop,+84 965 789 666,http://www.playzone.vn/,"210 P. Lê Trọng Tấn, Định Công, Thanh Xuân, Hà Nội, Vietnam",Computer store,4.3,VN,Hanoi,https://www.google.com/maps/place/Playzone+Gaming+Gear+Shop/data=!4m7!3m6!1s0x3135ac70241b71d9:0x9ca54ea7d2d71317!8m2!3d20.9928271!4d105.8316919!16s%2Fg%2F11j34vtdjm!19sChIJ2XEbJHCsNTERFxPX0qdOpZw?authuser=0&hl=en&rclk=1
"Speed Computer - PC Gaming, PC Đồ Họa - Render, PC Văn Phòng, Workstations, Linh Kiện Chính Hãng",+84 916 016 866,http://speedcom.vn/,"Ngõ 533 Tam Trinh Số nhà 19, ngõ 533 đường Tam Trinh Hà Nội, Hanoi City, Vietnam",Computer service,4.9,VN,Hanoi,"https://www.google.com/maps/place/Speed+Computer+-+PC+Gaming,+PC+%C4%90%E1%BB%93+H%E1%BB%8Da+-+Render,+PC+V%C4%83n+Ph%C3%B2ng,+Workstations,+Linh+Ki%E1%BB%87n+Ch%C3%ADnh+H%C3%A3ng/data=!4m7!3m6!1s0x3135ad0ab6c084ef:0x697f834b7a3613f6!8m2!3d20.9807966!4d105.8646149!16s%2Fg%2F11ghlj80cp!19sChIJ74TAtgqtNTER9hM2ekuDf2k?authuser=0&hl=en&rclk=1"
ThinkPro,+84 1900 633579,https://thinkpro.vn/,"53 P. Thái Hà, Trung Liệt, Đống Đa, Hà Nội, Vietnam",Computer store,4.7,VN,Hanoi,https://www.google.com/maps/place/ThinkPro/data=!4m7!3m6!1s0x3135abdf7994930d:0x9766da564d2b294b!8m2!3d21.0116287!4d105.8212751!16s%2Fg%2F11pdygvswz!19sChIJDZOUed-rNTERSykrTVbaZpc?authuser=0&hl=en&rclk=1
Unistore Việt Nam,+84 966 816 866,http://unistorevn.com/,"152 Đ. La Thành, Chợ Dừa, Đống Đa, Hà Nội, Vietnam",Electronics store,4.9,VN,Hanoi,https://www.google.com/maps/place/Unistore+Vi%E1%BB%87t+Nam/data=!4m7!3m6!1s0x3135ab007ed02b15:0xfed634f6444501!8m2!3d21.0204385!4d105.8275783!16s%2Fg%2F11y3_2jvt0!19sChIJFSvQfgCrNTERAUVE9jTW_gA?authuser=0&hl=en&rclk=1
No.1 Computer - Hệ Thống Máy Tính & Phụ Kiện,+84 886 288 288,https://no1computer.vn/,"21 Ng. 131 P. Thái Hà, Trung Liệt, Đống Đa, Hà Nội 10000, Vietnam",Computer store,4.9,VN,Hanoi,https://www.google.com/maps/place/No.1+Computer+-+H%E1%BB%87+Th%E1%BB%91ng+M%C3%A1y+T%C3%ADnh+%26+Ph%E1%BB%A5+Ki%E1%BB%87n/data=!4m7!3m6!1s0x3135ab6d2fe7fd47:0x4fce8115fadd32ba!8m2!3d21.0126056!4d105.8189663!16s%2Fg%2F11g22wytqt!19sChIJR_3nL22rNTERujLd-hWBzk8?authuser=0&hl=en&rclk=1
Dynacore Technologies Pte. Ltd.,6989 3630,https://www.dynacoretech.com/,"1 Rochor Canal Rd, #05 - 73 / 76 / 77 / 46 Dynacore Technologies Pte. Ltd., Sim Lim Square, Singapore 188504",Computer store,4.8,SG,Singapore,https://www.google.com/maps/place/Dynacore+Technologies+Pte.+Ltd./data=!4m7!3m6!1s0x31da19bbd7daaaab:0x27d62846f27f3112!8m2!3d1.3029333!4d103.8529661!16s%2Fg%2F11fy5bwzjb!19sChIJq6ra17sZ2jEREjF_8kYo1ic?authuser=0&hl=en&rclk=1
AudioSV,+84 989 142 260,https://svstore.com.vn/,"25 P. Hà Kế Tấn, Phương Liệt, Thanh Xuân, Hà Nội 115000, Vietnam",Electronics store,4.7,VN,Hanoi,https://www.google.com/maps/place/AudioSV/data=!4m7!3m6!1s0x3135ada5cd2fa59b:0x8d475c9c502a778b!8m2!3d20.9976288!4d105.8365434!16s%2Fg%2F11h05w6hbd!19sChIJm6UvzaWtNTERi3cqUJxcR40?authuser=0&hl=en&rclk=1
Divine Shop,+84 1900 633305,http://divineshop.vn/,"96 P. Định Công, Phương Liệt, Thanh Xuân, Hà Nội, Vietnam",Computer software store,5,VN,Hanoi,https://www.google.com/maps/place/Divine+Shop/data=!4m7!3m6!1s0x3135ac998c4722cf:0xea2515d44fb8e874!8m2!3d20.9847849!4d105.8385958!16s%2Fg%2F11cmhtzztr!19sChIJzyJHjJmsNTERdOi4T9QVJeo?authuser=0&hl=en&rclk=1
M8 Computer - Sửa Chữa Gaming Gear - In Lót Chuột - Sửa Bàn Phím Cơ - Sửa Chuột - Sửa Tai Nghe Gaming - Sửa Tay Cầm Chơi Game,+84 979 517 538,http://m8computer.com/,"8B ngách 5 Ngõ 65, Mai Dịch, Cầu Giấy, Hà Nội 100000, Vietnam",Computer accessories store,4.5,VN,Hanoi,https://www.google.com/maps/place/M8+Computer+-+S%E1%BB%ADa+Ch%E1%BB%AFa+Gaming+Gear+-+In+L%C3%B3t+Chu%E1%BB%99t+-+S%E1%BB%ADa+B%C3%A0n+Ph%C3%ADm+C%C6%A1+-+S%E1%BB%ADa+Chu%E1%BB%99t+-+S%E1%BB%ADa+Tai+Nghe+Gaming+-+S%E1%BB%ADa+Tay+C%E1%BA%A7m+Ch%C6%A1i+Game/data=!4m7!3m6!1s0x313454bf3492d3fd:0x1dd4a8a554445f89!8m2!3d21.0394535!4d105.7733128!16s%2Fg%2F11ckqs8zjc!19sChIJ_dOSNL9UNDERiV9EVKWo1B0?authuser=0&hl=en&rclk=1
Laptopaz,+84 825 233 233,http://laptopaz.vn/,"18 Ng. 121 P. Thái Hà, Trung Liệt, Đống Đa, Hà Nội, Vietnam",Computer store,4.8,VN,Hanoi,https://www.google.com/maps/place/Laptopaz/data=!4m7!3m6!1s0x3135ac82787208a5:0x9a791b75b791245f!8m2!3d21.0125382!4d105.8194307!16s%2Fg%2F11c6vhh9cx!19sChIJpQhyeIKsNTERXySRt3UbeZo?authuser=0&hl=en&rclk=1
Lapvip,+84 852 666 768,https://lapvip.vn/,"9 Ngõ 178 Thái Hà, Trung Liệt, Đống Đa, Hà Nội 100000, Vietnam",Computer store,4.7,VN,Hanoi,https://www.google.com/maps/place/Lapvip/data=!4m7!3m6!1s0x3135abaa6e102c5b:0x97351957bead614d!8m2!3d21.0137352!4d105.8202417!16s%2Fg%2F11v3_tbwv9!19sChIJWywQbqqrNTERTWGtvlcZNZc?authuser=0&hl=en&rclk=1
Laptop K1,+84 336 688 683,https://laptopk1.vn/,"240 P. Lê Thanh Nghị, Đồng Tâm, Hai Bà Trưng, Hà Nội 11600, Vietnam",Computer store,4.9,VN,Hanoi,https://www.google.com/maps/place/Laptop+K1/data=!4m7!3m6!1s0x313453adc69b61d1:0xaaad0ec3e795cb46!8m2!3d21.0019733!4d105.842563!16s%2Fg%2F11fkv_hpwb!19sChIJ0WGbxq1TNDERRsuV58MOrao?authuser=0&hl=en&rclk=1
Hpctech,+84 987 191 515,https://hpctech.vn/,"269 P. Chùa Bộc, Trung Liệt, Đống Đa, Hà Nội 100000, Vietnam",Computer store,4.9,VN,Hanoi,https://www.google.com/maps/place/Hpctech/data=!4m7!3m6!1s0x3135ad03fc94ff65:0xf6140c624bbb9925!8m2!3d21.0087974!4d105.8251199!16s%2Fg%2F11ychcgb9g!19sChIJZf-U_AOtNTERJZm7S2IMFPY?authuser=0&hl=en&rclk=1
Phuc Anh Computer Company,+84 24 3968 9966,https://www.phucanh.vn/,"15 P. Xã Đàn, Phương Liên, Đống Đa, Hà Nội, Vietnam",Computer store,4.4,VN,Hanoi,https://www.google.com/maps/place/Phuc+Anh+Computer+Company/data=!4m7!3m6!1s0x3135ab871916eb05:0x696fde03613dd134!8m2!3d21.011203!4d105.836615!16s%2Fg%2F1td6pq0f!19sChIJBesWGYerNTERNNE9YQPeb2k?authuser=0&hl=en&rclk=1
Lắc Đầu Store,+84 349 296 461,http://lacdau.com/,"66 xã đàn, phương liên Hà Nội, Hanoi City, 100000, Vietnam",Shop,4.3,VN,Hanoi,https://www.google.com/maps/place/L%E1%BA%AFc+%C4%90%E1%BA%A7u+Store/data=!4m7!3m6!1s0x3135ab1cc7df05d1:0xd20640a83cd45ff3!8m2!3d21.0088432!4d105.8393729!16s%2Fg%2F11h4pc5ns_!19sChIJ0QXfxxyrNTER81_UPKhABtI?authuser=0&hl=en&rclk=1
"Duchieupc - Cửa hàng máy tính gaming, máy tính đồ họa cao cấp",+84 328 339 988,,"5 Ng. 16 P. Thái Hà, Trung Liệt, Đống Đa, Hà Nội 100000, Vietnam",Computer store,5,VN,Hanoi,"https://www.google.com/maps/place/Duchieupc+-+C%E1%BB%ADa+h%C3%A0ng+m%C3%A1y+t%C3%ADnh+gaming,+m%C3%A1y+t%C3%ADnh+%C4%91%E1%BB%93+h%E1%BB%8Da+cao+c%E1%BA%A5p/data=!4m7!3m6!1s0x3135ab90be9b3aa3:0x1275ce006d377ef8!8m2!3d21.0109827!4d105.8235463!16s%2Fg%2F11qqwvclgc!19sChIJozqbvpCrNTER-H43bQDOdRI?authuser=0&hl=en&rclk=1"
GamesCenter Store,+84 345 856 789,http://www.gamescenter.vn/,"38C P. Lý Nam Đế, Điện Biên, Hoàn Kiếm, Hà Nội 100000, Vietnam",Video game store,4.6,VN,Hanoi,https://www.google.com/maps/place/GamesCenter+Store/data=!4m7!3m6!1s0x3135ab962c1dd011:0x8c3067925709e169!8m2!3d21.0316987!4d105.8442249!16s%2Fg%2F11bccmgckv!19sChIJEdAdLJarNTERaeEJV5JnMIw?authuser=0&hl=en&rclk=1
An Phát Computer 151 Lê Thanh Nghị,+84 923 466 999,https://www.anphatpc.com.vn/,"151 P. Lê Thanh Nghị, Đồng Tâm, Hai Bà Trưng, Hà Nội 10000, Vietnam",Computer store,4.7,VN,Hanoi,https://www.google.com/maps/place/An+Ph%C3%A1t+Computer+151+L%C3%AA+Thanh+Ngh%E1%BB%8B/data=!4m7!3m6!1s0x3135ade004d81a4f:0x8594ab77cab9c924!8m2!3d21.0017342!4d105.8423031!16s%2Fg%2F11qspj3q4f!19sChIJTxrYBOCtNTERJMm5ynerlIU?authuser=0&hl=en&rclk=1
Phúc Anh Smart World 141 - 143 Phạm Văn Đồng,+84 24 3968 9966,https://www.phucanh.vn/,"141-143 Đ. Phạm Văn Đồng, Mai Dịch, Cầu Giấy, Hà Nội 100000, Vietnam",Computer store,4.7,VN,Hanoi,https://www.google.com/maps/place/Ph%C3%BAc+Anh+Smart+World+141+-+143+Ph%E1%BA%A1m+V%C4%83n+%C4%90%E1%BB%93ng/data=!4m7!3m6!1s0x31345558c2d47bf5:0x8f0c783a1a7a868e!8m2!3d21.0453369!4d105.780896!16s%2Fg%2F11h77ld3s7!19sChIJ9XvUwlhVNDERjoZ6Gjp4DI8?authuser=0&hl=en&rclk=1
Cửa hàng Phúc Anh Smart World,+84 24 3968 9966,http://phucanh.vn/,"89 Đ. Lê Duẩn, Văn Miếu – Quốc Tử Giám, Hoàn Kiếm, Hà Nội 100000, Vietnam",Computer store,5,VN,Hanoi,https://www.google.com/maps/place/C%E1%BB%ADa+h%C3%A0ng+Ph%C3%BAc+Anh+Smart+World/data=!4m7!3m6!1s0x3135abc2e3b4f2cb:0xd1ca4e678c137707!8m2!3d21.0253441!4d105.8416208!16s%2Fg%2F11swmdfbq4!19sChIJy_K048KrNTERB3cTjGdOytE?authuser=0&hl=en&rclk=1
GEARVN Hoàng Hoa Thám,,http://gearvn.com/,"82 Hoàng Hoa Thám, Phường 12, Tân Bình, Thành phố Hồ Chí Minh 700000, Vietnam",Computer store,4.7,VN,Ho Chi Minh City,https://www.google.com/maps/place/GEARVN+Ho%C3%A0ng+Hoa+Th%C3%A1m/data=!4m7!3m6!1s0x3175294a0c97a181:0x6aece518177f9a92!8m2!3d10.7989404!4d106.6474462!16s%2Fg%2F11bvtsgck2!19sChIJgaGXDEopdTERkpp_Fxjl7Go?authuser=0&hl=en&rclk=1
Thanh Nhan Computer LLC (Electronics Shop),+84 28 3925 0259,https://www.tnc.com.vn/,"174 Bùi Thị Xuân, Phường Phạm Ngũ Lão, Quận 1, Thành phố Hồ Chí Minh 700000, Vietnam",Computer store,4.7,VN,Ho Chi Minh City,https://www.google.com/maps/place/Thanh+Nhan+Computer+LLC+%28Electronics+Shop%29/data=!4m7!3m6!1s0x31752f18715f9947:0xa8f5dd01c418cdd7!8m2!3d10.767872!4d106.686285!16s%2Fg%2F1td__zg3!19sChIJR5lfcRgvdTER180YxAHd9ag?authuser=0&hl=en&rclk=1
Phong Vu Computer,+84 1800 6867,https://phongvu.vn/,"264A-264B-264C, 264B - 264C Nguyễn Thị Minh Khai, Phường 6, Quận 3, Thành phố Hồ Chí Minh 700000, Vietnam",Computer store,4.2,VN,Ho Chi Minh City,https://www.google.com/maps/place/Phong+Vu+Computer/data=!4m7!3m6!1s0x31752f3b5e579381:0xbad3d6d98221b778!8m2!3d10.7738364!4d106.6892909!16s%2Fg%2F1tdcz5hm!19sChIJgZNXXjsvdTEReLchgtnW07o?authuser=0&hl=en&rclk=1
Tân Doanh,+84 783 666 668,https://tandoanh.vn/,"496 3 Tháng 2, Phường 14, Quận 10, Thành phố Hồ Chí Minh 700000, Vietnam",Computer store,4.2,VN,Ho Chi Minh City,https://www.google.com/maps/place/T%C3%A2n+Doanh/data=!4m7!3m6!1s0x31752ee5d6abdae9:0x7a2ddc7cc3fbdd31!8m2!3d10.76714!4d106.6657505!16s%2Fg%2F11b8twqh0r!19sChIJ6dqr1uUudTERMd37w3zcLXo?authuser=0&hl=en&rclk=1
Thu Mua Laptop Cũ Giá Cao - Laptop Nguyễn Nghĩa,+84 977 419 856,http://faceboo.com/thumualaptopcugiacaotphcm0977419856mrnghia,"102/8A Phan Huy Ích, Phường 15, Tân Bình, Thành phố Hồ Chí Minh 700000, Vietnam",Computer store,4.9,VN,Ho Chi Minh City,https://www.google.com/maps/place/Thu+Mua+Laptop+C%C5%A9+Gi%C3%A1+Cao+-+Laptop+Nguy%E1%BB%85n+Ngh%C4%A9a/data=!4m7!3m6!1s0x3175297c45d1f36f:0xebdf979d790c9388!8m2!3d10.8291081!4d106.6330418!16s%2Fg%2F11g6rlh6zp!19sChIJb_PRRXwpdTERiJMMeZ2X3-s?authuser=0&hl=en&rclk=1
BP Store,+84 938 889 100,https://bpstore.vn/,"42 Đ. Sầm Sơn, Phường 4, Tân Bình, Thành phố Hồ Chí Minh 72106, Vietnam",Computer store,4.9,VN,Ho Chi Minh City,https://www.google.com/maps/place/BP+Store/data=!4m7!3m6!1s0x317528ce30d56667:0xa54f82455b37d937!8m2!3d10.8045818!4d106.6596991!16s%2Fg%2F11g01_wtj_!19sChIJZ2bVMM4odTERN9k3W0WCT6U?authuser=0&hl=en&rclk=1
HUỲNH GIA COMPUTER,+84 868 686 397,https://huynhgiacomputer.com/,"8/18 Đ. Yên Đỗ, Tân Thành, Tân Phú, Thành phố Hồ Chí Minh 70000, Vietnam",Computer store,5,VN,Ho Chi Minh City,https://www.google.com/maps/place/HU%E1%BB%B2NH+GIA+COMPUTER/data=!4m7!3m6!1s0x317529b83b78dd53:0x988ca6f123e6ee37!8m2!3d10.7900043!4d106.6356802!16s%2Fg%2F11tdtky8cy!19sChIJU914O7gpdTERN-7mI_GmjJg?authuser=0&hl=en&rclk=1
Xgear,+84 28 7108 1881,https://xgear.net/,"8 Tự Lập, Phường Tân, Sơn Nhất, Thành phố Hồ Chí Minh 70000, Vietnam",Computer store,4.6,VN,Ho Chi Minh City,https://www.google.com/maps/place/Xgear/data=!4m7!3m6!1s0x31752934d78720e1:0xd51e0fa8457cb04b!8m2!3d10.792086!4d106.6556006!16s%2Fg%2F11g8_279jn!19sChIJ4SCH1zQpdTERS7B8RagPHtU?authuser=0&hl=en&rclk=1
PC Gaming Giá Rẻ HCM - chuyên máy tính bộ chơi game,,,"1 Đ. Thống Nhất, Phường 11, Gò Vấp, Thành phố Hồ Chí Minh, Vietnam",Computer store,0,VN,Ho Chi Minh City,https://www.google.com/maps/place/PC+Gaming+Gi%C3%A1+R%E1%BA%BB+HCM+-+chuy%C3%AAn+m%C3%A1y+t%C3%ADnh+b%E1%BB%99+ch%C6%A1i+game/data=!4m7!3m6!1s0x31752946edee511f:0xc1b0ccffda46ff11!8m2!3d10.83532!4d106.6646!16s%2Fg%2F11kgprtp7c!19sChIJH1Hu7UYpdTEREf9G2v_MsME?authuser=0&hl=en&rclk=1
MYGEAR - Kinh Doanh Phân Phối Laptop - PC & Gaming Gear Chính Hãng Giá Rẻ,+84 787 955 888,https://mygear.com.vn/,"266/32 Đường Tô Hiến Thành, Phường 15, Quận 10, Thành phố Hồ Chí Minh 72509, Vietnam",Computer store,4.8,VN,Ho Chi Minh City,https://www.google.com/maps/place/MYGEAR+-+Kinh+Doanh+Ph%C3%A2n+Ph%E1%BB%91i+Laptop+-+PC+%26+Gaming+Gear+Ch%C3%ADnh+H%C3%A3ng+Gi%C3%A1+R%E1%BA%BB/data=!4m7!3m6!1s0x3175258c58cd9089:0x4629cda842733ac8!8m2!3d10.7789219!4d106.6657932!16s%2Fg%2F11lly2sllt!19sChIJiZDNWIwldTERyDpzQqjNKUY?authuser=0&hl=en&rclk=1
APSHOP,+84 938 975 268,https://apshop.vn/,"141 Vĩnh Viễn, Phường 4, Quận 10, Thành phố Hồ Chí Minh 700000, Vietnam",Computer store,4.5,VN,Ho Chi Minh City,https://www.google.com/maps/place/APSHOP/data=!4m7!3m6!1s0x317528a3c7fd2549:0xce3fd47f788b4bc8!8m2!3d10.76437!4d106.670864!16s%2Fg%2F11clg6z_5_!19sChIJSSX9x6ModTERyEuLeH_UP84?authuser=0&hl=en&rclk=1
Thu mua laptop cũ giá cao - Laptop Kim Cương,+84 918 299 907,https://laptopkimcuong.com/thu-mua-laptop-cu-gia-cao,"112/32 Bùi Quang Là, Phường 14, Gò Vấp, Thành phố Hồ Chí Minh, Vietnam",Computer store,5,VN,Ho Chi Minh City,https://www.google.com/maps/place/Thu+mua+laptop+c%C5%A9+gi%C3%A1+cao+-+Laptop+Kim+C%C6%B0%C6%A1ng/data=!4m7!3m6!1s0x3175291eaae01e5f:0xfcb3a344785f5633!8m2!3d10.8343187!4d106.639348!16s%2Fg%2F11h07f6rjw!19sChIJXx7gqh4pdTERM1ZfeESjs_w?authuser=0&hl=en&rclk=1
Laptop Minh Mẫn Cửa hàng chuyên laptop cũ giá rẻ uy tín TPHCM,+84 934 701 111,https://laptopminhman.com/,"390/15 Phạm Văn Bạch, Phường 15, Tân Bình, Thành phố Hồ Chí Minh 700000, Vietnam",Computer store,4.9,VN,Ho Chi Minh City,https://www.google.com/maps/place/Laptop+Minh+M%E1%BA%ABn+C%E1%BB%ADa+h%C3%A0ng+chuy%C3%AAn+laptop+c%C5%A9+gi%C3%A1+r%E1%BA%BB+uy+t%C3%ADn+TPHCM/data=!4m7!3m6!1s0x3175297083300d87:0xc9a3267b86bf2bbe!8m2!3d10.8275059!4d106.6415463!16s%2Fg%2F11g8vq19kf!19sChIJhw0wg3ApdTERviu_hnsmo8k?authuser=0&hl=en&rclk=1
Phong Vũ,+84 1800 6867,https://phongvu.vn/,"2A Nguyễn Oanh, Phường 1, Gò Vấp, Thành phố Hồ Chí Minh 700000, Vietnam",Computer store,4.2,VN,Ho Chi Minh City,https://www.google.com/maps/place/Phong+V%C5%A9/data=!4m7!3m6!1s0x317529d5c459ba27:0xc82bf04d8e034311!8m2!3d10.8304634!4d106.6783183!16s%2Fg%2F11f30k3k43!19sChIJJ7pZxNUpdTEREUMDjk3wK8g?authuser=0&hl=en&rclk=1
Nhan Laptop - Lifetime Warranty,+84 707 691 111,http://baohanhtrondoi.com/,"Phạm Văn Bạch/73 Tân Sơn, Phường, Tân Bình, Thành phố Hồ Chí Minh 700000, Vietnam",Computer store,4.7,VN,Ho Chi Minh City,https://www.google.com/maps/place/Nhan+Laptop+-+Lifetime+Warranty/data=!4m7!3m6!1s0x31752960b1155fcb:0xb4b14367e854f64c!8m2!3d10.8152891!4d106.6345407!16s%2Fg%2F11bzq3wd78!19sChIJy18VsWApdTERTPZU6GdDsbQ?authuser=0&hl=en&rclk=1
TRẦN GIA COMPUTER,+84 937 547 855,http://vitinhtrangia.com/,"522 Đ. Phạm Văn Chiêu, Phường 16, Gò Vấp, Thành phố Hồ Chí Minh, Vietnam",Computer store,4.7,VN,Ho Chi Minh City,https://www.google.com/maps/place/TR%E1%BA%A6N+GIA+COMPUTER/data=!4m7!3m6!1s0x3175299ea54750b3:0xa43eb4f24c9a185e!8m2!3d10.8515744!4d106.6583452!16s%2Fg%2F11f29zz0b7!19sChIJs1BHpZ4pdTERXhiaTPK0PqQ?authuser=0&hl=en&rclk=1
Phong Cách Xanh | Gaming gear & Hi-end Computer,+84 904 135 321,https://www.phongcachxanh.vn/,"Phường đức nhuận, 89 Hồ Văn Huê, Phường 9, Phú Nhuận, Thành phố Hồ Chí Minh 70000, Vietnam",Computer store,4.8,VN,Ho Chi Minh City,https://www.google.com/maps/place/Phong+C%C3%A1ch+Xanh+%7C+Gaming+gear+%26+Hi-end+Computer/data=!4m7!3m6!1s0x317528d88c019971:0x71af4d945a20d3!8m2!3d10.8040937!4d106.6772661!16s%2Fg%2F1tvyj7j0!19sChIJcZkBjNgodTER0yBalE2vcQA?authuser=0&hl=en&rclk=1
Laptop Uy Tín - Thu Mua Laptop Giá Cao HCM,+84 376 766 776,https://laptopuytin.net/,"656/74/42, Đường Quang Trung, Phường 11, Gò Vấp, Thành phố Hồ Chí Minh 700000, Vietnam",Computer store,4.9,VN,Ho Chi Minh City,https://www.google.com/maps/place/Laptop+Uy+T%C3%ADn+-+Thu+Mua+Laptop+Gi%C3%A1+Cao+HCM/data=!4m7!3m6!1s0x31752983b45af1af:0xe68f2b9330af6f1d!8m2!3d10.8385188!4d106.6609426!16s%2Fg%2F11flt8d1hm!19sChIJr_FatIMpdTERHW-vMJMrj-Y?authuser=0&hl=en&rclk=1
Máy Tính Nguyễn Công 249 Lý Thường Kiệt HCM,+84 707 086 666,https://nguyencongpc.vn/,"249 Đ. Lý Thường Kiệt, Phường 15, Quận 11, Thành phố Hồ Chí Minh 72600, Vietnam",Computer store,4.7,VN,Ho Chi Minh City,https://www.google.com/maps/place/M%C3%A1y+T%C3%ADnh+Nguy%E1%BB%85n+C%C3%B4ng+249+L%C3%BD+Th%C6%B0%E1%BB%9Dng+Ki%E1%BB%87t+HCM/data=!4m7!3m6!1s0x31752fc788b93dd1:0x85a7fc3a74bcd7fd!8m2!3d10.7719504!4d106.6574585!16s%2Fg%2F11m_gw6gfm!19sChIJ0T25iMcvdTER_de8dDr8p4U?authuser=0&hl=en&rclk=1
"TK Co.,Ltd",+84 909 668 826,https://tkcomputer.vn/,"114B Tôn Thất Tùng, Phường Phạm Ngũ Lão, Quận 1, Thành phố Hồ Chí Minh 700000, Vietnam",Computer store,4.4,VN,Ho Chi Minh City,"https://www.google.com/maps/place/TK+Co.,Ltd/data=!4m7!3m6!1s0x31752f2325c5360f:0x841c2a248fef5749!8m2!3d10.7712604!4d106.6874493!16s%2Fg%2F1vgq9l53!19sChIJDzbFJSMvdTERSVfvjyQqHIQ?authuser=0&hl=en&rclk=1"
Hanoi Computer,+84 24 3628 0886,https://hacom.vn/,"284 P. Thái Hà, Chợ Dừa, Đống Đa, Hà Nội 100000, Vietnam",Computer store,4.1,VN,Hanoi,"https://www.google.com/maps/place/Hanoi+Computer/@21.0150428,105.8178181,17z/data=!3m1!4b1!4m6!3m5!1s0x3135ab7d94ae54b9:0x21aae6c934d53ad6!8m2!3d21.0150428!4d105.8178181!16s%2Fg%2F11c5634jf7?hl=en&entry=ttu&g_ep=EgoyMDI2MDIxMS4wIKXMDSoASAFQAw%3D%3D"
Sửa chữa macbook Tín Nhân,+84 916 666 622,http://suachuamacbook.com/,"285/51 Cách Mạng Tháng Tám, Phường 12, Quận 10, Thành phố Hồ Chí Minh 700000, Vietnam",Computer repair service,5,VN,Ho Chi Minh City,https://www.google.com/maps/place/S%E1%BB%ADa+ch%E1%BB%AFa+macbook+T%C3%ADn+Nh%C3%A2n/data=!4m7!3m6!1s0x31752f1acd23aff3:0x220dc2f678477f58!8m2!3d10.7778782!4d106.6785265!16s%2Fg%2F11sx3px1ff!19sChIJ868jzRovdTERWH9HePbCDSI?authuser=0&hl=en&rclk=1
Emergency Laptop - Emergency Mobile - Nine Hao,+84 977 654 321,,"367 Điện Biên Phủ, Phường 2, Bình Thạnh, Thành phố Hồ Chí Minh 700000, Vietnam",Computer repair service,4.8,VN,Ho Chi Minh City,https://www.google.com/maps/place/Emergency+Laptop+-+Emergency+Mobile+-+Nine+Hao/data=!4m7!3m6!1s0x31752ee3a0aa1a5b:0x3d9c724e962ea5a4!8m2!3d10.8017234!4d106.7107204!16s%2Fg%2F11c43zdg3r!19sChIJWxqqoOMudTERpKUulk5ynD0?authuser=0&hl=en&rclk=1
Saigon Computer,+84 982 342 030,http://saigoncomputer.vn/,"115A Lê Quang Định, Phường 14, Bình Thạnh, Thành phố Hồ Chí Minh, Vietnam",Computer repair service,4.8,VN,Ho Chi Minh City,https://www.google.com/maps/place/Saigon+Computer/data=!4m7!3m6!1s0x3175295842d2bb33:0x81ff4391680e77dd!8m2!3d10.8067644!4d106.6966598!16s%2Fg%2F11v0nmpw4d!19sChIJM7vSQlgpdTER3XcOaJFD_4E?authuser=0&hl=en&rclk=1
Sửa Laptop Bảo An,+84 763 647 686,http://laptopbaoan.net/,"1/44 Đ. Tân Thành, Hòa Thạnh, Tân Phú, Thành phố Hồ Chí Minh 72006, Vietnam",Computer repair service,5,VN,Ho Chi Minh City,https://www.google.com/maps/place/S%E1%BB%ADa+Laptop+B%E1%BA%A3o+An/data=!4m7!3m6!1s0x31752f8736b5bc3f:0xd173c675be3d1462!8m2!3d10.7856701!4d106.639935!16s%2Fg%2F11t6h5ynbs!19sChIJP7y1NocvdTERYhQ9vnXGc9E?authuser=0&hl=en&rclk=1
"One Warranty - Repair Phones, Laptops, Tablets",+84 28 3957 2222,https://baohanhone.com/,"195 Nguyễn Thái Học, Phường Phạm Ngũ Lão, Quận 1, Thành phố Hồ Chí Minh 700000, Vietnam",Phone repair service,4.4,VN,Ho Chi Minh City,"https://www.google.com/maps/place/One+Warranty+-+Repair+Phones,+Laptops,+Tablets/data=!4m7!3m6!1s0x31752f9fffecfd89:0x2ba07a2642a9385a!8m2!3d10.7686559!4d106.6947289!16s%2Fg%2F11rzglf6pg!19sChIJif3s_58vdTERWjipQiZ6oCs?authuser=0&hl=en&rclk=1"
SaiGon Computer Q1,+84 937 872 877,http://saigoncomputer.vn/,"87 Trần Đình Xu, Phường Nguyễn Cư Trinh, Quận 1, Thành phố Hồ Chí Minh, Vietnam",Computer repair service,4.7,VN,Ho Chi Minh City,https://www.google.com/maps/place/SaiGon+Computer+Q1/data=!4m7!3m6!1s0x31752f9641d0d301:0xa8b7fe9fcb116c52!8m2!3d10.7620625!4d106.6888125!16s%2Fg%2F11svnh7kck!19sChIJAdPQQZYvdTERUmwRy5_-t6g?authuser=0&hl=en&rclk=1
Sửa Laptop Macbook - THẾ GIỚI LAPTOP 24H,+84 862 283 289,https://thegioilaptop24h.com/,"122 Đ. Đào Duy Anh, Phường 9, Phú Nhuận, Thành phố Hồ Chí Minh 70000, Vietnam",Computer repair service,4.8,VN,Ho Chi Minh City,https://www.google.com/maps/place/S%E1%BB%ADa+Laptop+Macbook+-+TH%E1%BA%BE+GI%E1%BB%9AI+LAPTOP+24H/data=!4m7!3m6!1s0x31752938a3f396bf:0x8d2ffdb2bac82a27!8m2!3d10.8075509!4d106.6751647!16s%2Fg%2F11n906bb8c!19sChIJv5bzozgpdTERJyrIurL9L40?authuser=0&hl=en&rclk=1
Sửa chữa laptop lấy liền uy tín Thủ Đức - Fix360,+84 972 232 424,https://fix360.vn/,"272 Đ. Hoàng Diệu 2, Linh Chiểu, Thủ Đức, Thành phố Hồ Chí Minh 70000, Vietnam",Computer repair service,4.8,VN,Ho Chi Minh City,https://www.google.com/maps/place/S%E1%BB%ADa+ch%E1%BB%AFa+laptop+l%E1%BA%A5y+li%E1%BB%81n+uy+t%C3%ADn+Th%E1%BB%A7+%C4%90%E1%BB%A9c+-+Fix360/data=!4m7!3m6!1s0x3175276ae1dad009:0x3ce218dc9b68154b!8m2!3d10.85397!4d106.7720191!16s%2Fg%2F11jfrqt00c!19sChIJCdDa4WondTERSxVom9wY4jw?authuser=0&hl=en&rclk=1
Không gian care - Sửa Chữa Laptop-Macbook-iPhone-iPad,+84 938 881 872,http://khonggiancare.com/,"54 Đường Trần Minh Quyền, Phường 10, Quận 10, Thành phố Hồ Chí Minh 700000, Vietnam",Computer repair service,4.9,VN,Ho Chi Minh City,https://www.google.com/maps/place/Kh%C3%B4ng+gian+care+-+S%E1%BB%ADa+Ch%E1%BB%AFa+Laptop-Macbook-iPhone-iPad/data=!4m7!3m6!1s0x31752ec6afb2f91d:0x96b8435e39ec9fe3!8m2!3d10.7704368!4d106.6748666!16s%2Fg%2F11csrpr13h!19sChIJHfmyr8YudTER45_sOV5DuJY?authuser=0&hl=en&rclk=1
Cấp Cứu Laptop - Cấp Cứu Di Động - Đại Hào - Phụ Kiện Điện Thoại,+84 1800 7008,https://capcuulaptop.com/,"747 3 Tháng 2, Phường 7, Quận 10, Thành phố Hồ Chí Minh 700000, Vietnam",Computer repair service,4.1,VN,Ho Chi Minh City,https://www.google.com/maps/place/C%E1%BA%A5p+C%E1%BB%A9u+Laptop+-+C%E1%BA%A5p+C%E1%BB%A9u+Di+%C4%90%E1%BB%99ng+-+%C4%90%E1%BA%A1i+H%C3%A0o+-+Ph%E1%BB%A5+Ki%E1%BB%87n+%C4%90i%E1%BB%87n+Tho%E1%BA%A1i/data=!4m7!3m6!1s0x31752ee13c0cdb91:0xc34d8a8ce6777211!8m2!3d10.7644651!4d106.6614723!16s%2Fg%2F1234r5964!19sChIJkdsMPOEudTEREXJ35oyKTcM?authuser=0&hl=en&rclk=1
"trungtamlaptop.com-chuyên mua bán-sửa chữa laptop, máy tính, máy in, camera(cty tnhh công minh)sua laptop q12 chuyen nghiep",+84 909 099 538,http://trungtamlaptop.com/,"511 Đ. Trường Chinh, Tân Thới Nhất, Quận 12, Thành phố Hồ Chí Minh, Vietnam",Electronics store,5,VN,Ho Chi Minh City,"https://www.google.com/maps/place/trungtamlaptop.com-chuy%C3%AAn+mua+b%C3%A1n-s%E1%BB%ADa+ch%E1%BB%AFa+laptop,+m%C3%A1y+t%C3%ADnh,+m%C3%A1y+in,+camera%28cty+tnhh+c%C3%B4ng+minh%29sua+laptop+q12+chuyen+nghiep/data=!4m7!3m6!1s0x31752bd40375a08b:0x6f44e9973277c438!8m2!3d10.8393255!4d106.6170719!16s%2Fg%2F11fxyg39xg!19sChIJi6B1A9QrdTEROMR3MpfpRG8?authuser=0&hl=en&rclk=1"
"SỬA CHỮA NHANH - SỬA ĐIỆN THOẠI, LAPTOP UY TÍN, GIÁ RẺ.",,https://suachuanhanh.com.vn/,"709 3 Tháng 2, P.6, Quận 10, Thành phố Hồ Chí Minh 70000, Vietnam",Computer repair service,4.8,VN,Ho Chi Minh City,"https://www.google.com/maps/place/S%E1%BB%ACA+CH%E1%BB%AEA+NHANH+-+S%E1%BB%ACA+%C4%90I%E1%BB%86N+THO%E1%BA%A0I,+LAPTOP+UY+T%C3%8DN,+GI%C3%81+R%E1%BA%BA./data=!4m7!3m6!1s0x31752f1a464823e9:0xdc7aec114ee303e4!8m2!3d10.7649764!4d106.6624176!16s%2Fg%2F11pzt6nvs4!19sChIJ6SNIRhovdTER5APjThHsetw?authuser=0&hl=en&rclk=1"
"Haga Smartech – Repair & Trade-in MacBook, iPhone, Laptops, iWatch| Thao Dien- An Khanh - Ho Chi Minh",+84 925 435 688,http://www.hagasmartech.com/,"18 Nguyễn Văn Hưởng, Phường An Khánh, Thủ Đức, Thành phố Hồ Chí Minh 70000, Vietnam",Cell phone store,4.9,VN,Ho Chi Minh City,"https://www.google.com/maps/place/Haga+Smartech+%E2%80%93+Repair+%26+Trade-in+MacBook,+iPhone,+Laptops,+iWatch%7C+Thao+Dien-+An+Khanh+-+Ho+Chi+Minh/data=!4m7!3m6!1s0x3175276ef7ba214b:0xc930d519ddd3efbe!8m2!3d10.803199!4d106.727285!16s%2Fg%2F11frt9nh0w!19sChIJSyG6924ndTERvu_T3RnVMMk?authuser=0&hl=en&rclk=1"
Laptop Repair Center Credits Tphcm,+84 904 580 004,https://laptopcare.vn/,"89B Tôn Thất Thuyết, Phường 16, Quận 4, Thành phố Hồ Chí Minh 700900, Vietnam",Computer repair service,4.7,VN,Ho Chi Minh City,https://www.google.com/maps/place/Laptop+Repair+Center+Credits+Tphcm/data=!4m7!3m6!1s0x31752f116ff3c675:0x2ba6501c781bb2f9!8m2!3d10.7533809!4d106.7108034!16s%2Fg%2F11d_2ld93s!19sChIJdcbzbxEvdTER-bIbeBxQpis?authuser=0&hl=en&rclk=1
Cấp Cứu Laptop - Cấp Cứu Di Động - Phụ Kiện Điện Thoại - Quận Bình Tân,+84 1800 7008,https://capcuulaptop.com/,"500 Đ. Kinh Dương Vương, An Lạc, Bình Tân, Thành phố Hồ Chí Minh 700000, Vietnam",Computer repair service,4.4,VN,Ho Chi Minh City,https://www.google.com/maps/place/C%E1%BA%A5p+C%E1%BB%A9u+Laptop+-+C%E1%BA%A5p+C%E1%BB%A9u+Di+%C4%90%E1%BB%99ng+-+Ph%E1%BB%A5+Ki%E1%BB%87n+%C4%90i%E1%BB%87n+Tho%E1%BA%A1i+-+Qu%E1%BA%ADn+B%C3%ACnh+T%C3%A2n/data=!4m7!3m6!1s0x317528bad1a4f043:0x3dbade01d5a3f507!8m2!3d10.7384848!4d106.6150428!16s%2Fg%2F11c52k0fmm!19sChIJQ_Ck0boodTERB_Wj1QHeuj0?authuser=0&hl=en&rclk=1
Laptop Khổng Minh,+84 903 924 995,https://www.laptopkhongminh.com/,"417-419 Đ. Trường Chinh, Tân Thới Nhất, Quận 12, Thành phố Hồ Chí Minh 700000, Vietnam",Electronics store,4.9,VN,Ho Chi Minh City,https://www.google.com/maps/place/Laptop+Kh%E1%BB%95ng+Minh/data=!4m7!3m6!1s0x31752bcfd54a27d7:0x84adf8458318dfb1!8m2!3d10.8376193!4d106.6181658!16s%2Fg%2F11f51y4026!19sChIJ1ydK1c8rdTERsd8Yg0X4rYQ?authuser=0&hl=en&rclk=1
Sửa Macbook Laptop Surface Imac Ipad Iphone - Hoàng Vũ Center,+84 916 472 445,http://www.hoangvucenter.vn/,"395A Cách Mạng Tháng Tám, Phường 13, Quận 10, Thành phố Hồ Chí Minh 700000, Vietnam",Electronics company,4.8,VN,Ho Chi Minh City,https://www.google.com/maps/place/S%E1%BB%ADa+Macbook+Laptop+Surface+Imac+Ipad+Iphone+-+Ho%C3%A0ng+V%C5%A9+Center/data=!4m7!3m6!1s0x31752f2887d9ef4b:0x90ae85a9eb227de3!8m2!3d10.7806542!4d106.6759134!16s%2Fg%2F11kh420zzs!19sChIJS-_ZhygvdTER430i66mFrpA?authuser=0&hl=en&rclk=1
Sửa chữa máy tính LAPTOP Minh Tâm ADE 24/7 (giá sinh viên),+84 934 965 712,,"135A Nguyễn Chí Thanh, Phường 9, Quận 5, Thành phố Hồ Chí Minh 00700, Vietnam",Computer repair service,5,VN,Ho Chi Minh City,https://www.google.com/maps/place/S%E1%BB%ADa+ch%E1%BB%AFa+m%C3%A1y+t%C3%ADnh+LAPTOP+Minh+T%C3%A2m+ADE+24%2F7+%28gi%C3%A1+sinh+vi%C3%AAn%29/data=!4m7!3m6!1s0x31752fdc7431d743:0x5d0426efbd593ed9!8m2!3d10.7594422!4d106.6671783!16s%2Fg%2F11wbxr2wc5!19sChIJQ9cxdNwvdTER2T5Zve8mBF0?authuser=0&hl=en&rclk=1
Mua Bán - Sửa Chữa - Laptop - MacBook - LapTop HD,+84 974 212 652,https://laptophd.vn/dia-chi-sua-laptop-tp-hcm-uy-tin-gia-re,"390 Đường Quang Trung, Phường 10, Gò Vấp, Thành phố Hồ Chí Minh 727010, Vietnam",Used computer store,5,VN,Ho Chi Minh City,https://www.google.com/maps/place/Mua+B%C3%A1n+-+S%E1%BB%ADa+Ch%E1%BB%AFa+-+Laptop+-+MacBook+-+LapTop+HD/data=!4m7!3m6!1s0x317529719efdcc27:0xc0b610dca2e83008!8m2!3d10.8328037!4d106.6669764!16s%2Fg%2F11s3zgcl1m!19sChIJJ8z9nnEpdTERCDDootwQtsA?authuser=0&hl=en&rclk=1
Sửa Laptop Quận 10 - FastFix Repair Center,+84 786 890 792,,"030 Lô V Chung Cư Ngô Gia Tự Phường 2 Quận 10 Đối diện 108, Trần Nhân Tôn, Phường 2, Quận 10, Thành phố Hồ Chí Minh, Vietnam",Computer repair service,5,VN,Ho Chi Minh City,https://www.google.com/maps/place/S%E1%BB%ADa+Laptop+Qu%E1%BA%ADn+10+-+FastFix+Repair+Center/data=!4m7!3m6!1s0x31752fc0dc571e45:0xb7b7d8ebecce0d5c!8m2!3d10.7638997!4d106.6741616!16s%2Fg%2F11x6fkd8rm!19sChIJRR5X3MAvdTERXA3O7OvYt7c?authuser=0&hl=en&rclk=1
Laptop Dai Loi,+84 902 771 567,https://laptopdailoi.com/,"658 Nguyễn Thị Định, Phường Thạnh Mỹ Lợi, Thủ Đức, Thành phố Hồ Chí Minh 70000, Vietnam",Electronic parts supplier,4.8,VN,Ho Chi Minh City,https://www.google.com/maps/place/Laptop+Dai+Loi/data=!4m7!3m6!1s0x317525d2393f0d81:0x487686e5b821972b!8m2!3d10.7763408!4d106.7659106!16s%2Fg%2F11btrr_lc2!19sChIJgQ0_OdIldTERK5chuOWGdkg?authuser=0&hl=en&rclk=1
Trung Tâm Sửa Chữa Applesaigon1,+84 917 978 009,https://applesaigon1.com/,"84B Cống Quỳnh, Phường Phạm Ngũ Lão, Quận 1, Thành phố Hồ Chí Minh 700000, Vietnam",Computer repair service,5,VN,Ho Chi Minh City,https://www.google.com/maps/place/Trung+T%C3%A2m+S%E1%BB%ADa+Ch%E1%BB%AFa+Applesaigon1/data=!4m7!3m6!1s0x31752f3b500ace53:0x350ee68914b51b8f!8m2!3d10.7644682!4d106.6908103!16s%2Fg%2F11dfld3cdq!19sChIJU84KUDsvdTERjxu1FInmDjU?authuser=0&hl=en&rclk=1
Sửa Laptop Thủ Đức - Sửa Máy Tính Thủ Đức - Cửa Hàng Tin Học Shop Việt,+84 909 593 393,https://shopviet.xyz/,"Hẻm 20 Đ. Số 11, Trường Thọ, Thủ Đức, Thành phố Hồ Chí Minh 700000, Vietnam",Computer repair service,4.9,VN,Ho Chi Minh City,https://www.google.com/maps/place/S%E1%BB%ADa+Laptop+Th%E1%BB%A7+%C4%90%E1%BB%A9c+-+S%E1%BB%ADa+M%C3%A1y+T%C3%ADnh+Th%E1%BB%A7+%C4%90%E1%BB%A9c+-+C%E1%BB%ADa+H%C3%A0ng+Tin+H%E1%BB%8Dc+Shop+Vi%E1%BB%87t/data=!4m7!3m6!1s0x31752793000054bf:0xecca6bcb31737d67!8m2!3d10.8464872!4d106.7541237!16s%2Fg%2F11qnkldxlf!19sChIJv1QAAJMndTERZ31zMctryuw?authuser=0&hl=en&rclk=1
Sửa Chữa Laptop ZIN - Bệnh Viện Laptop,+84 868 733 736,https://benhvienlaptop.com/,"1467A 3 Tháng 2, Phường 16, Quận 11, Thành phố Hồ Chí Minh 700000, Vietnam",Computer repair service,4.9,VN,Ho Chi Minh City,https://www.google.com/maps/place/S%E1%BB%ADa+Ch%E1%BB%AFa+Laptop+ZIN+-+B%E1%BB%87nh+Vi%E1%BB%87n+Laptop/data=!4m7!3m6!1s0x31752fd10d0a7973:0xaa61518d70d3dd6e!8m2!3d10.7563616!4d106.646468!16s%2Fg%2F11w46kw34q!19sChIJc3kKDdEvdTERbt3TcI1RYao?authuser=0&hl=en&rclk=1
CỬA HÀNG VI TÍNH QUẬN 4 - LAPTOPGOLDVN,+84 868 020 292,http://laptopgold.vn/,"222/12 Đoàn Văn Bơ, Phường 8, Quận 4, Thành phố Hồ Chí Minh 70000, Vietnam",Electronic parts supplier,5,VN,Ho Chi Minh City,https://www.google.com/maps/place/C%E1%BB%ACA+H%C3%80NG+VI+T%C3%8DNH+QU%E1%BA%ACN+4+-+LAPTOPGOLDVN/data=!4m7!3m6!1s0x3175279e547df023:0x4cd8b0d99ba9aa43!8m2!3d10.7621675!4d106.7052433!16s%2Fg%2F11bw2gw_6l!19sChIJI_B9VJ4ndTERQ6qpm9mw2Ew?authuser=0&hl=en&rclk=1
ITFIX Hệ Thống Sửa Chữa Laptop,+84 966 489 633,https://itfix.vn/,"484A Lê Văn Việt, Phường Tăng Nhơn Phú A, Quận 9 Ký Túc Xá D2 Đại Học Sư Phạm Kỹ Thuật, Thủ Đức, Thành phố Hồ Chí Minh 70000, Vietnam",Computer repair service,4.9,VN,Ho Chi Minh City,https://www.google.com/maps/place/ITFIX+H%E1%BB%87+Th%E1%BB%91ng+S%E1%BB%ADa+Ch%E1%BB%AFa+Laptop/data=!4m7!3m6!1s0x3175276514841a83:0x6555c46d80557302!8m2!3d10.8455477!4d106.7975702!16s%2Fg%2F11fq_68cw5!19sChIJgxqEFGUndTERAnNVgG3EVWU?authuser=0&hl=en&rclk=1
"Điện Thoại Vui - Sửa điện thoại, laptop Quận Tân Bình",+84 28 7108 8690,https://dienthoaivui.com.vn/,"570 Âu Cơ, Phường 10, Tân Bình, Thành phố Hồ Chí Minh 700000, Vietnam",Mobile phone repair shop,4.8,VN,Ho Chi Minh City,"https://www.google.com/maps/place/%C4%90i%E1%BB%87n+Tho%E1%BA%A1i+Vui+-+S%E1%BB%ADa+%C4%91i%E1%BB%87n+tho%E1%BA%A1i,+laptop+Qu%E1%BA%ADn+T%C3%A2n+B%C3%ACnh/data=!4m7!3m6!1s0x31752f58aa30f071:0x1f1bc27463ce39a!8m2!3d10.7820835!4d106.6430928!16s%2Fg%2F11h6d62mdn!19sChIJcfAwqlgvdTERmuM8Rie88QE?authuser=0&hl=en&rclk=1"
Công ty vi tính Quang Trung,+84 901 193 644,https://www.vitinhquangtrung.vn/,"75 Đ.Đông Hồ, Phường 4, Quận 8, Thành phố Hồ Chí Minh 700000, Vietnam",Computer repair service,5,VN,Ho Chi Minh City,https://www.google.com/maps/place/C%C3%B4ng+ty+vi+t%C3%ADnh+Quang+Trung/data=!4m7!3m6!1s0x31752f3c51447565:0x3ab417600e292901!8m2!3d10.7400744!4d106.6710124!16s%2Fg%2F11mtd4fypz!19sChIJZXVEUTwvdTERASkpDmAXtDo?authuser=0&hl=en&rclk=1
'new.it,+84 901 100 534,,"26 Thảo Điền, Thủ Đức, Thành phố Hồ Chí Minh 700000, Vietnam",Computer support and services,4.8,VN,Ho Chi Minh City,https://www.google.com/maps/place/%27%27new.it%27/data=!4m7!3m6!1s0x317527f9f4bf5749:0x1ffffc6438263101!8m2!3d10.8045933!4d106.7371703!16s%2Fg%2F11pxwylgyg!19sChIJSVe_9PkndTERATEmOGT8_x8?authuser=0&hl=en&rclk=1
"Điện Thoại Vui - Sửa điện thoại, laptop quận 6",+84 28 7106 1075,https://dienthoaivui.com.vn/,"1075 Đ. Hậu Giang, Phường 11, Quận 6, Thành phố Hồ Chí Minh 700000, Vietnam",Mobile phone repair shop,4.9,VN,Ho Chi Minh City,"https://www.google.com/maps/place/%C4%90i%E1%BB%87n+Tho%E1%BA%A1i+Vui+-+S%E1%BB%ADa+%C4%91i%E1%BB%87n+tho%E1%BA%A1i,+laptop+qu%E1%BA%ADn+6/data=!4m7!3m6!1s0x31752dd3941a7587:0x3b89d93d7342801d!8m2!3d10.7452696!4d106.6241549!16s%2Fg%2F11jwzrs3fp!19sChIJh3UalNMtdTERHYBCcz3ZiTs?authuser=0&hl=en&rclk=1"
"Điện Thoại Vui - Sửa điện thoại, laptop quận 2",+84 28 7101 0035,https://dienthoaivui.com.vn/,"35 Trần Não, Khu Phố 4, Thủ Đức, Thành phố Hồ Chí Minh 70000, Vietnam",Mobile phone repair shop,4.9,VN,Ho Chi Minh City,"https://www.google.com/maps/place/%C4%90i%E1%BB%87n+Tho%E1%BA%A1i+Vui+-+S%E1%BB%ADa+%C4%91i%E1%BB%87n+tho%E1%BA%A1i,+laptop+qu%E1%BA%ADn+2/data=!4m7!3m6!1s0x317527b5bf71cb8b:0xdf2a130eb859f5df!8m2!3d10.7961051!4d106.7313704!16s%2Fg%2F11sgkyq_h_!19sChIJi8txv7UndTER3_VZuA4TKt8?authuser=0&hl=en&rclk=1"
Trí Nhân Laptop,+84 988 661 875,http://www.trinhanlaptop.vn/,"89 Nguyễn Văn Tố, Phú Thọ Hoà, Tân Phú, Thành phố Hồ Chí Minh, Vietnam",Computer repair service,4.7,VN,Ho Chi Minh City,https://www.google.com/maps/place/Tr%C3%AD+Nh%C3%A2n+Laptop/data=!4m7!3m6!1s0x31752eb15e11419d:0x2d84aa7cf668ce72!8m2!3d10.7884295!4d106.632593!16s%2Fg%2F11clwmjh8x!19sChIJnUERXrEudTERcs5o9nyqhC0?authuser=0&hl=en&rclk=1
Saigonso - Center for Cell Phone Repair,+84 909 186 168,http://saigonso.com/,"11 Nguyễn Phúc Nguyên, Phường 9, Quận 3, Thành phố Hồ Chí Minh, Vietnam",Mobile phone repair shop,4.9,VN,Ho Chi Minh City,https://www.google.com/maps/place/Saigonso+-+Center+for+Cell+Phone+Repair/data=!4m7!3m6!1s0x31752f2610ef5647:0x78b2a6f3e47e4dd!8m2!3d10.778469!4d106.681157!16s%2Fg%2F11ddx799c0!19sChIJR1bvECYvdTER3eRHPm8qiwc?authuser=0&hl=en&rclk=1
Trung Tâm Vi Tính Tin Học Trường Thịnh - Trường Thịnh Group,+84 938 169 138,https://diachisualaptop.com.vn/,"362 3 Tháng 2, Phường 12, Quận 10, Thành phố Hồ Chí Minh 700000, Vietnam",Electronics store,4.9,VN,Ho Chi Minh City,https://www.google.com/maps/place/Trung+T%C3%A2m+Vi+T%C3%ADnh+Tin+H%E1%BB%8Dc+Tr%C6%B0%E1%BB%9Dng+Th%E1%BB%8Bnh+-+Tr%C6%B0%E1%BB%9Dng+Th%E1%BB%8Bnh+Group/data=!4m7!3m6!1s0x31752f1b66d3c90f:0x867081325a87cc65!8m2!3d10.7694695!4d106.6700833!16s%2Fg%2F11j3pgxs5h!19sChIJD8nTZhsvdTERZcyHWjKBcIY?authuser=0&hl=en&rclk=1
Sửa chữa Laptop Macbook Uy Tín Lấy Liền - MrLaptop Quận 3,+84 968 450 450,https://mrlaptop.vn/,"514 Cách Mạng Tháng Tám, Phường 11, Quận 3, Thành phố Hồ Chí Minh, Vietnam",Computer repair service,4.7,VN,Ho Chi Minh City,https://www.google.com/maps/place/S%E1%BB%ADa+ch%E1%BB%AFa+Laptop+Macbook+Uy+T%C3%ADn+L%E1%BA%A5y+Li%E1%BB%81n+-+MrLaptop+Qu%E1%BA%ADn+3/data=!4m7!3m6!1s0x31752f6cba15ef1f:0x11629ff82e111ea2!8m2!3d10.785287!4d106.667907!16s%2Fg%2F11s4h19ldd!19sChIJH-8VumwvdTERoh4RLvifYhE?authuser=0&hl=en&rclk=1
Suachualaptop24h.com,+84 901 296 000,https://suachualaptop24h.com/,"153 3 Tháng 2, Phường 10, Quận 10, Thành phố Hồ Chí Minh, Vietnam",Computer repair service,4.8,VN,Ho Chi Minh City,https://www.google.com/maps/place/Suachualaptop24h.com/data=!4m7!3m6!1s0x31752ffd7d1c1b6b:0x99fa787123546fc3!8m2!3d10.7726334!4d106.676071!16s%2Fg%2F11vby_3ccf!19sChIJaxscff0vdTERw29UI3F4-pk?authuser=0&hl=en&rclk=1
"Sửa chữa laptop, máy tính - Cửa hàng ITFIX",+84 966 489 633,http://itfix.vn/,"245 Đ. Hoàng Diệu 2, Phường Linh Trung, Thủ Đức, Thành phố Hồ Chí Minh 70000, Vietnam",Computer accessories store,4.7,VN,Ho Chi Minh City,"https://www.google.com/maps/place/S%E1%BB%ADa+ch%E1%BB%AFa+laptop,+m%C3%A1y+t%C3%ADnh+-+C%E1%BB%ADa+h%C3%A0ng+ITFIX/data=!4m7!3m6!1s0x3175271cd945bb39:0xa857c04fa568f9bf!8m2!3d10.8544953!4d106.7727743!16s%2Fg%2F11qnjgc1s0!19sChIJObtF2RwndTERv_lopU_AV6g?authuser=0&hl=en&rclk=1"
HAI ANH CENTER,+84 979 598 598,http://haianhcenter.com/,"1323 Đ. Phan Văn Trị, Phường 10, Gò Vấp, Thành phố Hồ Chí Minh 700000, Vietnam",Computer store,4.9,VN,Ho Chi Minh City,https://www.google.com/maps/place/HAI+ANH+CENTER/data=!4m7!3m6!1s0x317529670ce2cb43:0xbf4156845cd0d4db!8m2!3d10.8338608!4d106.6689597!16s%2Fg%2F11rr8k19_q!19sChIJQ8viDGcpdTER29TQXIRWQb8?authuser=0&hl=en&rclk=1
"Điện Thoại Vui Hoàng Văn Thụ - Sửa điện thoại, laptop Quận Tân Bình",+84 28 7108 8808,https://dienthoaivui.com.vn/,"250 Đ. Hoàng Văn Thụ, Phường 4, Tân Bình, Thành phố Hồ Chí Minh 700000, Vietnam",Mobile phone repair shop,4.9,VN,Ho Chi Minh City,"https://www.google.com/maps/place/%C4%90i%E1%BB%87n+Tho%E1%BA%A1i+Vui+Ho%C3%A0ng+V%C4%83n+Th%E1%BB%A5+-+S%E1%BB%ADa+%C4%91i%E1%BB%87n+tho%E1%BA%A1i,+laptop+Qu%E1%BA%ADn+T%C3%A2n+B%C3%ACnh/data=!4m7!3m6!1s0x317529fea381fa25:0x15111ea881e2d00!8m2!3d10.7993126!4d106.6596184!16s%2Fg%2F11k5qv1f7m!19sChIJJfqBo_4pdTERAC0eiOoRUQE?authuser=0&hl=en&rclk=1"
"Điện Thoại Vui Trần Quang Khải - Sửa điện thoại, laptop Quận 1",+84 28 7109 9955,https://dienthoaivui.com.vn/,"81A Trần Quang Khải, Phường Tân Định, Quận 1, Thành phố Hồ Chí Minh 700000, Vietnam",Mobile phone repair shop,4.9,VN,Ho Chi Minh City,"https://www.google.com/maps/place/%C4%90i%E1%BB%87n+Tho%E1%BA%A1i+Vui+Tr%E1%BA%A7n+Quang+Kh%E1%BA%A3i+-+S%E1%BB%ADa+%C4%91i%E1%BB%87n+tho%E1%BA%A1i,+laptop+Qu%E1%BA%ADn+1/data=!4m7!3m6!1s0x317528cc87a620f9:0xbfeb549f1d2d9d56!8m2!3d10.79212!4d106.6935051!16s%2Fg%2F11fy_qj5dc!19sChIJ-SCmh8wodTERVp0tHZ9U678?authuser=0&hl=en&rclk=1"
Center FASTCARE Binh Thanh,+84 1800 2057,https://fastcare.vn/,"303 Xô Viết Nghệ Tĩnh, Phường 25, Bình Thạnh, Thành phố Hồ Chí Minh 700000, Vietnam",Mobile phone repair shop,4.7,VN,Ho Chi Minh City,https://www.google.com/maps/place/Center+FASTCARE+Binh+Thanh/data=!4m7!3m6!1s0x317528bb310d6709:0x3944f69b37851050!8m2!3d10.803099!4d106.7112495!16s%2Fg%2F11c2jym8s5!19sChIJCWcNMbsodTERUBCFN5v2RDk?authuser=0&hl=en&rclk=1
Sửa Laptop Nhất Nghệ Tinh,+84 908 426 282,http://www.sualaptopnhatnghetinh.com/,"A01-16, Dreamhome Residence, 21 Đ. 59, p.14, Gò Vấp, Thành phố Hồ Chí Minh, Vietnam",Computer repair service,5,VN,Ho Chi Minh City,https://www.google.com/maps/place/S%E1%BB%ADa+Laptop+Nh%E1%BA%A5t+Ngh%E1%BB%87+Tinh/data=!4m7!3m6!1s0x31752920520752bb:0x3e1f67bac082c14a!8m2!3d10.8555568!4d106.6531866!16s%2Fg%2F11hz76wgwl!19sChIJu1IHUiApdTERSsGCwLpnHz4?authuser=0&hl=en&rclk=1
Minh Tuấn Computer 24h,+84 869 214 911,http://minhtuan24h.com/,"56 Đường Số 81, Tân Quy, Quận 7, Thành phố Hồ Chí Minh 72900, Vietnam",Computer repair service,4.9,VN,Ho Chi Minh City,https://www.google.com/maps/place/Minh+Tu%E1%BA%A5n+Computer+24h/data=!4m7!3m6!1s0x31752fc7f47f5e85:0x911e4fa888535ece!8m2!3d10.740379!4d106.705308!16s%2Fg%2F11v0x7nznv!19sChIJhV5_9McvdTERzl5TiKhPHpE?authuser=0&hl=en&rclk=1
"Trung B&B Computer - Sửa chữa Laptop, PC, lắp camera, đổ mực máy in",+84 983 006 562,https://trungbbcomputer.com/,"10B Đường Lê Lợi, Hiệp Phú, Thủ Đức, Thành phố Hồ Chí Minh 70000, Vietnam",Computer repair service,5,VN,Ho Chi Minh City,"https://www.google.com/maps/place/Trung+B%26B+Computer+-+S%E1%BB%ADa+ch%E1%BB%AFa+Laptop,+PC,+l%E1%BA%AFp+camera,+%C4%91%E1%BB%95+m%E1%BB%B1c+m%C3%A1y+in/data=!4m7!3m6!1s0x317527003810eecf:0x8feac44a74192f4f!8m2!3d10.8465821!4d106.7751615!16s%2Fg%2F11xgqzm8j6!19sChIJz-4QOAAndTERTy8ZdErE6o8?authuser=0&hl=en&rclk=1"
Sửa chữa Laptop 24h.com,+84 901 296 000,https://suachualaptop24h.com/,"133 D5, Phường 25, Bình Thạnh, Thành phố Hồ Chí Minh 72308, Vietnam",Computer store,4.9,VN,Ho Chi Minh City,https://www.google.com/maps/place/S%E1%BB%ADa+ch%E1%BB%AFa+Laptop+24h.com/data=!4m7!3m6!1s0x317529cf3a9f7d9d:0xcace2f493bcd8d47!8m2!3d10.8057616!4d106.7169642!16s%2Fg%2F11v_07xqt6!19sChIJnX2fOs8pdTERR43NO0kvzso?authuser=0&hl=en&rclk=1
Vi tính 3A - Sửa Laptop PC,+84 907 997 884,http://vitinh3a.com/,"186/38 Nguyễn Sơn, Phú Thọ Hoà, Tân Phú, Thành phố Hồ Chí Minh, Vietnam",Computer repair service,5,VN,Ho Chi Minh City,https://www.google.com/maps/place/Vi+t%C3%ADnh+3A+-+S%E1%BB%ADa+Laptop+PC/data=!4m7!3m6!1s0x317529709ccf204d:0x19aaef1bc2a2fcbb!8m2!3d10.78316!4d106.628282!16s%2Fg%2F11jy9f_j1v!19sChIJTSDPnHApdTERu_yiwhvvqhk?authuser=0&hl=en&rclk=1
"Điện Thoại Vui - Sửa điện thoại, laptop Quận Tân Phú",+84 28 7100 0043,https://dienthoaivui.com.vn/,"43D Đ. Hòa Bình, Tân Thới Hoà, Tân Phú, Thành phố Hồ Chí Minh 700000, Vietnam",Mobile phone repair shop,4.9,VN,Ho Chi Minh City,"https://www.google.com/maps/place/%C4%90i%E1%BB%87n+Tho%E1%BA%A1i+Vui+-+S%E1%BB%ADa+%C4%91i%E1%BB%87n+tho%E1%BA%A1i,+laptop+Qu%E1%BA%ADn+T%C3%A2n+Ph%C3%BA/data=!4m7!3m6!1s0x31752fcaf6f27535:0x69d22d0ed5a49690!8m2!3d10.7692955!4d106.6352783!16s%2Fg%2F11mxcsl5jd!19sChIJNXXy9sovdTERkJak1Q4t0mk?authuser=0&hl=en&rclk=1"
"Bệnh Viện Điện Thoại, Laptop 24h",+84 1900 0213,https://chamsocdidong.com/,"260 3 Tháng 2, Phường 12, Quận 10, Thành phố Hồ Chí Minh 70000, Vietnam",Mobile phone repair shop,4.4,VN,Ho Chi Minh City,"https://www.google.com/maps/place/B%E1%BB%87nh+Vi%E1%BB%87n+%C4%90i%E1%BB%87n+Tho%E1%BA%A1i,+Laptop+24h/data=!4m7!3m6!1s0x31752eed3f2b40d1:0x7e95c7f173e11ad6!8m2!3d10.770801!4d106.6725204!16s%2Fg%2F12mjyh8p_!19sChIJ0UArP-0udTER1hrhc_HHlX4?authuser=0&hl=en&rclk=1"
Cửa Hàng Sửa Laptop Quận Bình Thạnh - Máy Tính Thiên Long,+84 703 033 929,https://congtythienlong.com/sua-may-tinh-quan-binh-thanh/,"744, số cũ/604 Xô Viết Nghệ Tĩnh, Phường 25, Bình Thạnh, Thành phố Hồ Chí Minh 700000, Vietnam",Computer repair service,5,VN,Ho Chi Minh City,https://www.google.com/maps/place/C%E1%BB%ADa+H%C3%A0ng+S%E1%BB%ADa+Laptop+Qu%E1%BA%ADn+B%C3%ACnh+Th%E1%BA%A1nh+-+M%C3%A1y+T%C3%ADnh+Thi%C3%AAn+Long/data=!4m7!3m6!1s0x317529ec9b98f725:0x57c50943155a40fb!8m2!3d10.8112043!4d106.7142782!16s%2Fg%2F11x6dhpx72!19sChIJJfeYm-wpdTER-0BaFUMJxVc?authuser=0&hl=en&rclk=1
Cửa hàng sửa laptop Quận Tân Phú Thiên Long,+84 932 743 732,https://congtythienlong.com/sua-may-tinh-quan-tan-phu/,"199 Đ. Hòa Bình, Hiệp Tân, Tân Phú, Thành phố Hồ Chí Minh 700000, Vietnam",Computer store,4.9,VN,Ho Chi Minh City,https://www.google.com/maps/place/C%E1%BB%ADa+h%C3%A0ng+s%E1%BB%ADa+laptop+Qu%E1%BA%ADn+T%C3%A2n+Ph%C3%BA+Thi%C3%AAn+Long/data=!4m7!3m6!1s0x31752d006d82454d:0xee3dbb05f0f3ddc5!8m2!3d10.7715343!4d106.6275962!16s%2Fg%2F11w7l46ryt!19sChIJTUWCbQAtdTERxd3z8AW7Pe4?authuser=0&hl=en&rclk=1
HP Service Center,+84 1800 588868,https://www.baohanhhp.vn/vi/,"162 Hai Bà Trưng, Đa Kao, Quận 1, Thành phố Hồ Chí Minh, Vietnam",Machine maintenance service,4.4,VN,Ho Chi Minh City,https://www.google.com/maps/place/HP+Service+Center/data=!4m7!3m6!1s0x317528bad9e8c5ad:0x3b2c4efe86435263!8m2!3d10.785076!4d106.695739!16s%2Fg%2F11df38vv2r!19sChIJrcXo2boodTERY1JDhv5OLDs?authuser=0&hl=en&rclk=1
Máy Tính Khoá Vàng,+84 931 333 027,https://khoavang.vn/,"14a Nguyễn Đình Chiểu, Đa Kao, Quận 1, Thành phố Hồ Chí Minh 70000, Vietnam",Computer store,4.9,VN,Ho Chi Minh City,https://www.google.com/maps/place/M%C3%A1y+T%C3%ADnh+Kho%C3%A1+V%C3%A0ng/data=!4m7!3m6!1s0x317529487b889ad5:0xd6124d130d0ed8ae!8m2!3d10.7912724!4d106.7019612!16s%2Fg%2F11td6mzb_8!19sChIJ1ZqIe0gpdTERrtgODRNNEtY?authuser=0&hl=en&rclk=1
Hoàng Hà PC Hồ Chí Minh,+84 968 123 666,https://hoanghapc.vn/,"K8bis Đ. Bửu Long, Phường 15, Quận 10, Thành phố Hồ Chí Minh 70000, Vietnam",Computer store,4.8,VN,Ho Chi Minh City,https://www.google.com/maps/place/Ho%C3%A0ng+H%C3%A0+PC+H%E1%BB%93+Ch%C3%AD+Minh/data=!4m7!3m6!1s0x31752f2967d5137f:0xe796f763bd2f650b!8m2!3d10.782638!4d106.662671!16s%2Fg%2F11ll5h0d94!19sChIJfxPVZykvdTERC2UvvWP3luc?authuser=0&hl=en&rclk=1
TekCore - Chuyên PC tản nước Đồ họa và Game,+84 28 2249 9777,,"96 Đ. Huỳnh Văn Một, Phú Thạnh, Tân Phú, Thành phố Hồ Chí Minh, Vietnam",Computer store,4.3,VN,Ho Chi Minh City,https://www.google.com/maps/place/TekCore+-+Chuy%C3%AAn+PC+t%E1%BA%A3n+n%C6%B0%E1%BB%9Bc+%C4%90%E1%BB%93+h%E1%BB%8Da+v%C3%A0+Game/data=!4m7!3m6!1s0x31752e91494e98ab:0x6997b44ab6cc2c55!8m2!3d10.775372!4d106.629803!16s%2Fg%2F11c5xdcvv3!19sChIJq5hOSZEudTERVSzMtkq0l2k?authuser=0&hl=en&rclk=1
Sài Gòn Computer Thủ Đức,+84 981 282 397,http://saigonpc.net/,"96A Đường Số 6, Phường Linh Trung, Thủ Đức, Thành phố Hồ Chí Minh, Vietnam",Computer store,4.9,VN,Ho Chi Minh City,https://www.google.com/maps/place/S%C3%A0i+G%C3%B2n+Computer+Th%E1%BB%A7+%C4%90%E1%BB%A9c/data=!4m7!3m6!1s0x31752762c744cdb3:0xbabd11ba5035a573!8m2!3d10.8600496!4d106.7672699!16s%2Fg%2F11s0jgcf23!19sChIJs81Ex2IndTERc6U1ULoRvbo?authuser=0&hl=en&rclk=1
"Máy Tính Phụng Tiên - Lắp Ráp, Mua Bán, Sửa Chữa Máy Tính, Laptop",+84 908 632 612,https://phungtien.vn/,"913 Đ. Nguyễn Văn Quá, Đông Hưng Thuận, Quận 12, Thành phố Hồ Chí Minh, Vietnam",Computer store,4.8,VN,Ho Chi Minh City,"https://www.google.com/maps/place/M%C3%A1y+T%C3%ADnh+Ph%E1%BB%A5ng+Ti%C3%AAn+-+L%E1%BA%AFp+R%C3%A1p,+Mua+B%C3%A1n,+S%E1%BB%ADa+Ch%E1%BB%AFa+M%C3%A1y+T%C3%ADnh,+Laptop/data=!4m7!3m6!1s0x31752bfc2fb54d05:0x657e5c35105dc792!8m2!3d10.8524975!4d106.6378274!16s%2Fg%2F11fsxh05wl!19sChIJBU21L_wrdTERksddEDVcfmU?authuser=0&hl=en&rclk=1"
PHÁT TÀI COMPUTER (MUA BÁN SỬA CHỮA MÁY TÍNH HCM),+84 365 007 279,,"23/15 Mai Lão Bạng, Phường Tân Bình, Tân Bình, Thành phố Hồ Chí Minh 700000, Vietnam",Computer store,4.9,VN,Ho Chi Minh City,https://www.google.com/maps/place/PH%C3%81T+T%C3%80I+COMPUTER+%28MUA+B%C3%81N+S%E1%BB%ACA+CH%E1%BB%AEA+M%C3%81Y+T%C3%8DNH+HCM%29/data=!4m7!3m6!1s0x31752786826507fd:0x86739670e5a68a1b!8m2!3d10.8056834!4d106.6439479!16s%2Fg%2F11l1f7259g!19sChIJ_QdlgoYndTERG4qm5XCWc4Y?authuser=0&hl=en&rclk=1
NPCshop.vn,+84 909 226 607,https://npcshop.vn/,"276 32/2, Phường 16, Gò Vấp, Thành phố Hồ Chí Minh 700000, Vietnam",Electronic parts supplier,4.9,VN,Ho Chi Minh City,https://www.google.com/maps/place/NPCshop.vn/data=!4m7!3m6!1s0x3175294c31c2605b:0xb4453492562f16e7!8m2!3d10.8399694!4d106.6674395!16s%2Fg%2F11jcjc_384!19sChIJW2DCMUwpdTER5xYvVpI0RbQ?authuser=0&hl=en&rclk=1
PC79.VN,+84 868 792 992,https://pc79.vn/,"522 Đ. Phạm Văn Chiêu, Phường An Hội Đông, Gò Vấp, Thành phố Hồ Chí Minh 728100, Vietnam",Computer store,4.8,VN,Ho Chi Minh City,https://www.google.com/maps/place/PC79.VN/data=!4m7!3m6!1s0x3175299b330651e9:0xa03187f834c609a3!8m2!3d10.8515636!4d106.6583519!16s%2Fg%2F11v0698yj7!19sChIJ6VEGM5spdTERownGNPiHMaA?authuser=0&hl=en&rclk=1
Phương Phát PC | Máy tính - Laptop - Camera - Thiết bị văn phòng,+84 329 208 664,http://sintech.vn/,"457 Đ. Trần Xuân Soạn, Tân Kiểng, Quận 7, Thành phố Hồ Chí Minh 700000, Vietnam",Computer store,4.8,VN,Ho Chi Minh City,https://www.google.com/maps/place/Ph%C6%B0%C6%A1ng+Ph%C3%A1t+PC+%7C+M%C3%A1y+t%C3%ADnh+-+Laptop+-+Camera+-+Thi%E1%BA%BFt+b%E1%BB%8B+v%C4%83n+ph%C3%B2ng/data=!4m7!3m6!1s0x31752f50c2b99145:0x37fe3f4758ab4ad1!8m2!3d10.7516835!4d106.7077783!16s%2Fg%2F11r1dc3sfd!19sChIJRZG5wlAvdTER0UqrWEc__jc?authuser=0&hl=en&rclk=1
"Sintech | PC, Laptop, Màn hình, Linh kiện máy tính laptop",+84 911 713 000,https://sintech.vn/,"457 Đ. Trần Xuân Soạn, Tân Kiểng, Quận 7, Thành phố Hồ Chí Minh 70000, Vietnam",Computer store,4.7,VN,Ho Chi Minh City,"https://www.google.com/maps/place/Sintech+%7C+PC,+Laptop,+M%C3%A0n+h%C3%ACnh,+Linh+ki%E1%BB%87n+m%C3%A1y+t%C3%ADnh+laptop/data=!4m7!3m6!1s0x31752f722798743d:0x173a2eed3515f3bb!8m2!3d10.7517111!4d106.7077887!16s%2Fg%2F11y3zh373x!19sChIJPXSYJ3IvdTERu_MVNe0uOhc?authuser=0&hl=en&rclk=1"
An Phát Computer 84T/14 Trần Đình Xu,+84 918 858 797,https://www.anphatpc.com.vn/,"84T/14 Trần Đình Xu, P. Phú Thuận, Quận 1, Thành phố Hồ Chí Minh 71013, Vietnam",Computer store,4.7,VN,Ho Chi Minh City,https://www.google.com/maps/place/An+Ph%C3%A1t+Computer+84T%2F14+Tr%E1%BA%A7n+%C4%90%C3%ACnh+Xu/data=!4m7!3m6!1s0x31752fb56f2e3857:0xd83ababb584bbfcf!8m2!3d10.761605!4d106.690838!16s%2Fg%2F11t5l52whn!19sChIJVzgub7UvdTERz79LWLu6Otg?authuser=0&hl=en&rclk=1
Phong Vu Computer Store,+84 1800 6867,https://phongvu.vn/,"164 Đ. Lê Văn Việt, Tăng Nhơn Phú B, Thủ Đức, Thành phố Hồ Chí Minh 800000, Vietnam",Computer store,4.5,VN,Ho Chi Minh City,https://www.google.com/maps/place/Phong+Vu+Computer+Store/data=!4m7!3m6!1s0x317527cfe87dd611:0xb481499c31f934b7!8m2!3d10.8442195!4d106.7814187!16s%2Fg%2F11s8hllc1v!19sChIJEdZ96M8ndTERtzT5MZxJgbQ?authuser=0&hl=en&rclk=1
Laptop Xách Tay Shop,+84 903 344 188,https://laptopxachtayshop.com/,"617 3 Tháng 2, Phường 8, Quận 10, Thành phố Hồ Chí Minh 700000, Vietnam",Computer store,4.2,VN,Ho Chi Minh City,https://www.google.com/maps/place/Laptop+X%C3%A1ch+Tay+Shop/data=!4m7!3m6!1s0x31752f6ae3bc2741:0xbad8be1778311b62!8m2!3d10.7662346!4d106.6647237!16s%2Fg%2F11btrs2rnv!19sChIJQSe842ovdTERYhsxeBe-2Lo?authuser=0&hl=en&rclk=1
Khánh Thảo Computer,+84 28 3839 0019,http://khanhthao.vn/,"313 Võ Văn Tần, Phường 5, Quận 3, Thành phố Hồ Chí Minh 71053, Vietnam",Electronics store,4,VN,Ho Chi Minh City,https://www.google.com/maps/place/Kh%C3%A1nh+Th%E1%BA%A3o+Computer/data=!4m7!3m6!1s0x31752f2215aae7c1:0xc754b1f6c0588033!8m2!3d10.7716667!4d106.6858333!16s%2Fg%2F1tdff5fh!19sChIJweeqFSIvdTERM4BYwPaxVMc?authuser=0&hl=en&rclk=1
Nhất Tín Computer,+84 915 391 010,http://shoplinhkien.net/,"233/32 Đ. Đặng Thuỳ Trâm, Phường 13, Bình Thạnh, Thành phố Hồ Chí Minh, Vietnam",Computer store,4.1,VN,Ho Chi Minh City,https://www.google.com/maps/place/Nh%E1%BA%A5t+T%C3%ADn+Computer/data=!4m7!3m6!1s0x317528cf85ecaef9:0x1538959b444bbdb0!8m2!3d10.8318255!4d106.6989686!16s%2Fg%2F11b8v9qlm3!19sChIJ-a7shc8odTERsL1LRJuVOBU?authuser=0&hl=en&rclk=1
CÔNG TY TNHH THƯƠNG MẠI DỊCH VỤ HỢP THÀNH THỊNH,+84 932 153 163,http://hopthanhthinh.com/,"406/55 Cộng Hòa, Phường Tân Bình, Tân Bình, Thành phố Hồ Chí Minh, Vietnam",Computer wholesaler,4.8,VN,Ho Chi Minh City,https://www.google.com/maps/place/C%C3%94NG+TY+TNHH+TH%C6%AF%C6%A0NG+M%E1%BA%A0I+D%E1%BB%8ACH+V%E1%BB%A4+H%E1%BB%A2P+TH%C3%80NH+TH%E1%BB%8ANH/data=!4m7!3m6!1s0x31752f23ef04a651:0x349cb25b2db90d32!8m2!3d10.8035861!4d106.6436853!16s%2Fg%2F1hm4qh32p!19sChIJUaYE7yMvdTERMg25LVuynDQ?authuser=0&hl=en&rclk=1
HACOM QUẬN 3 HỒ CHÍ MINH,+84 28 7300 0322,http://www.hacom.vn/,"478 Cách Mạng Tháng Tám, Phường 11, Quận 3, Thành phố Hồ Chí Minh, Vietnam",Computer store,4.4,VN,Ho Chi Minh City,https://www.google.com/maps/place/HACOM+QU%E1%BA%ACN+3+H%E1%BB%92+CH%C3%8D+MINH/data=!4m7!3m6!1s0x31752ed17e3c9185:0x1e37f7c97db47fce!8m2!3d10.7847749!4d106.6688843!16s%2Fg%2F11j1hynsxx!19sChIJhZE8ftEudTERzn-0fcn3Nx4?authuser=0&hl=en&rclk=1
Máy tính PCM - HCM,+84 879 979 997,https://pcmarket.vn/,"83A Cửu Long, Phường 15, Quận 10, Thành phố Hồ Chí Minh 72519, Vietnam",Computer store,4.6,VN,Ho Chi Minh City,https://www.google.com/maps/place/M%C3%A1y+t%C3%ADnh+PCM+-+HCM/data=!4m7!3m6!1s0x31752fa3352b34eb:0xba0c81b725cc79d6!8m2!3d10.7825524!4d106.6616623!16s%2Fg%2F11vr5nm6gp!19sChIJ6zQrNaMvdTER1nnMJbeBDLo?authuser=0&hl=en&rclk=1
Khóa Vàng Computer,+84 931 333 024,https://khoavang.vn/,"338 Đ. Trường Chinh, Phường Tân Bình, Tân Bình, Thành phố Hồ Chí Minh 70000, Vietnam",Computer store,4.9,VN,Ho Chi Minh City,https://www.google.com/maps/place/Kh%C3%B3a+V%C3%A0ng+Computer/data=!4m7!3m6!1s0x3175292211484f77:0xd4d6a75ed22b3e87!8m2!3d10.7991626!4d106.6423242!16s%2Fg%2F11rfcnvhrf!19sChIJd09IESIpdTERhz4r0l6n1tQ?authuser=0&hl=en&rclk=1
Hoàng Gia Computer,+84 375 111 112,https://maytinhhoanggia.vn/,"200 Nguyễn Hoàng, An Phú, Thủ Đức, Thành phố Hồ Chí Minh, Vietnam",Computer store,4.9,VN,Ho Chi Minh City,https://www.google.com/maps/place/Ho%C3%A0ng+Gia+Computer/data=!4m7!3m6!1s0x317527bfb3271117:0xc30bf1c5e5edb72!8m2!3d10.7930942!4d106.7455138!16s%2Fg%2F11sk0v_p8n!19sChIJFxEns78ndTERctteXhy_MAw?authuser=0&hl=en&rclk=1
