name,phone,country,rating
LaptopGame.vn|+84 963 446 199|vietnam|5.0
Máy Tính PCM|+84 879 979 997|vietnam|5.0
Mansa Computers|8092 0798|vietnam|5.0
Divine Shop|+84 1900 633305|vietnam|5.0
Duchieupc - Cửa hàng máy tính gaming, máy tính đồ họa cao cấp|+84 328 339 988|vietnam|5.0
Cửa hàng Phúc Anh Smart World|+84 24 3968 9966|vietnam|5.0
HUỲNH GIA COMPUTER|+84 868 686 397|vietnam|5.0
Thu mua laptop cũ giá cao - Laptop Kim Cương|+84 918 299 907|vietnam|5.0
Sửa chữa macbook Tín Nhân|+84 916 666 622|vietnam|5.0
Sửa Laptop Bảo An|+84 763 647 686|vietnam|5.0
trungtamlaptop.com-chuyên mua bán-sửa chữa laptop, máy tính, máy in, camera(cty tnhh công minh)sua laptop q12 chuyen nghiep|+84 909 099 538|vietnam|5.0
Sửa chữa máy tính LAPTOP Minh Tâm ADE 24/7 (giá sinh viên)|+84 934 965 712|vietnam|5.0
Mua Bán - Sửa Chữa - Laptop - MacBook - LapTop HD|+84 974 212 652|vietnam|5.0
Sửa Laptop Quận 10 - FastFix Repair Center|+84 786 890 792|vietnam|5.0
Trung Tâm Sửa Chữa Applesaigon1|+84 917 978 009|vietnam|5.0
CỬA HÀNG VI TÍNH QUẬN 4 - LAPTOPGOLDVN|+84 868 020 292|vietnam|5.0
Công ty vi tính Quang Trung|+84 901 193 644|vietnam|5.0
Sửa Laptop Nhất Nghệ Tinh|+84 908 426 282|vietnam|5.0
Trung B&B Computer - Sửa chữa Laptop, PC, lắp camera, đổ mực máy in|+84 983 006 562|vietnam|5.0
Vi tính 3A - Sửa Laptop PC|+84 907 997 884|vietnam|5.0
Cửa Hàng Sửa Laptop Quận Bình Thạnh - Máy Tính Thiên Long|+84 703 033 929|vietnam|5.0
TNC Store|+84 868 302 123|vietnam|4.9
Hoàng Long Computer Hà Đông - PC Gaming, PC Văn phòng, PC Đồ hoạ, PC Giả lập, PC full bộ, VGA, CPU|+84 982 368 008|vietnam|4.9
LapMax|+84 326 669 199|vietnam|4.9
TechSpace Việt Nam | Gaming Gear, PC và Đồ Công Nghệ|+84 342 656 996|vietnam|4.9
Xgear Vietnam|+84 972 321 881|vietnam|4.9
Speed Computer - PC Gaming, PC Đồ Họa - Render, PC Văn Phòng, Workstations, Linh Kiện Chính Hãng|+84 916 016 866|vietnam|4.9
Unistore Việt Nam|+84 966 816 866|vietnam|4.9
No.1 Computer - Hệ Thống Máy Tính & Phụ Kiện|+84 886 288 288|vietnam|4.9
Laptop K1|+84 336 688 683|vietnam|4.9
Hpctech|+84 987 191 515|vietnam|4.9
Thu Mua Laptop Cũ Giá Cao - Laptop Nguyễn Nghĩa|+84 977 419 856|vietnam|4.9
BP Store|+84 938 889 100|vietnam|4.9
Laptop Minh Mẫn Cửa hàng chuyên laptop cũ giá rẻ uy tín TPHCM|+84 934 701 111|vietnam|4.9
Laptop Uy Tín - Thu Mua Laptop Giá Cao HCM|+84 376 766 776|vietnam|4.9
Không gian care - Sửa Chữa Laptop-Macbook-iPhone-iPad|+84 938 881 872|vietnam|4.9
Haga Smartech – Repair & Trade-in MacBook, iPhone, Laptops, iWatch| Thao Dien- An Khanh - Ho Chi Minh|+84 925 435 688|vietnam|4.9
Laptop Khổng Minh|+84 903 924 995|vietnam|4.9
Sửa Laptop Thủ Đức - Sửa Máy Tính Thủ Đức - Cửa Hàng Tin Học Shop Việt|+84 909 593 393|vietnam|4.9
Sửa Chữa Laptop ZIN - Bệnh Viện Laptop|+84 868 733 736|vietnam|4.9
ITFIX Hệ Thống Sửa Chữa Laptop|+84 966 489 633|vietnam|4.9
Điện Thoại Vui - Sửa điện thoại, laptop quận 6|+84 28 7106 1075|vietnam|4.9
Điện Thoại Vui - Sửa điện thoại, laptop quận 2|+84 28 7101 0035|vietnam|4.9
Saigonso - Center for Cell Phone Repair|+84 909 186 168|vietnam|4.9
Trung Tâm Vi Tính Tin Học Trường Thịnh - Trường Thịnh Group|+84 938 169 138|vietnam|4.9
HAI ANH CENTER|+84 979 598 598|vietnam|4.9
Điện Thoại Vui Hoàng Văn Thụ - Sửa điện thoại, laptop Quận Tân Bình|+84 28 7108 8808|vietnam|4.9
Điện Thoại Vui Trần Quang Khải - Sửa điện thoại, laptop Quận 1|+84 28 7109 9955|vietnam|4.9
Minh Tuấn Computer 24h|+84 869 214 911|vietnam|4.9
Sửa chữa Laptop 24h.com|+84 901 296 000|vietnam|4.9
Điện Thoại Vui - Sửa điện thoại, laptop Quận Tân Phú|+84 28 7100 0043|vietnam|4.9
Cửa hàng sửa laptop Quận Tân Phú Thiên Long|+84 932 743 732|vietnam|4.9
Máy Tính Khoá Vàng|+84 931 333 027|vietnam|4.9
Sài Gòn Computer Thủ Đức|+84 981 282 397|vietnam|4.9
PHÁT TÀI COMPUTER (MUA BÁN SỬA CHỮA MÁY TÍNH HCM)|+84 365 007 279|vietnam|4.9
NPCshop.vn|+84 909 226 607|vietnam|4.9
Khóa Vàng Computer|+84 931 333 024|vietnam|4.9
Hoàng Gia Computer|+84 375 111 112|vietnam|4.9
Hoàng Hà PC Cầu Giấy|+84 969 123 666|vietnam|4.8
Vii PC|6334 3381|vietnam|4.8
Máy Tính Nguyễn Công|+84 828 333 363|vietnam|4.8
Dynacore Technologies Pte. Ltd.|6989 3630|vietnam|4.8
Laptopaz|+84 825 233 233|vietnam|4.8
MYGEAR - Kinh Doanh Phân Phối Laptop - PC & Gaming Gear Chính Hãng Giá Rẻ|+84 787 955 888|vietnam|4.8
Phong Cách Xanh | Gaming gear & Hi-end Computer|+84 904 135 321|vietnam|4.8
Emergency Laptop - Emergency Mobile - Nine Hao|+84 977 654 321|vietnam|4.8
Saigon Computer|+84 982 342 030|vietnam|4.8
Sửa Laptop Macbook - THẾ GIỚI LAPTOP 24H|+84 862 283 289|vietnam|4.8
Sửa chữa laptop lấy liền uy tín Thủ Đức - Fix360|+84 972 232 424|vietnam|4.8
Sửa Macbook Laptop Surface Imac Ipad Iphone - Hoàng Vũ Center|+84 916 472 445|vietnam|4.8
Laptop Dai Loi|+84 902 771 567|vietnam|4.8
Điện Thoại Vui - Sửa điện thoại, laptop Quận Tân Bình|+84 28 7108 8690|vietnam|4.8
'new.it|+84 901 100 534|vietnam|4.8
Suachualaptop24h.com|+84 901 296 000|vietnam|4.8
Hoàng Hà PC Hồ Chí Minh|+84 968 123 666|vietnam|4.8
Máy Tính Phụng Tiên - Lắp Ráp, Mua Bán, Sửa Chữa Máy Tính, Laptop|+84 908 632 612|vietnam|4.8
PC79.VN|+84 868 792 992|vietnam|4.8
Phương Phát PC | Máy tính - Laptop - Camera - Thiết bị văn phòng|+84 329 208 664|vietnam|4.8
CÔNG TY TNHH THƯƠNG MẠI DỊCH VỤ HỢP THÀNH THỊNH|+84 932 153 163|vietnam|4.8
Hoàng Hà PC Đống Đa|+84 396 122 999|vietnam|4.7
Laptop TCC|+84 762 637 777|vietnam|4.7
Gearvn Thái Hà|+84 1800 6975|vietnam|4.7
ThinkPro|+84 1900 633579|vietnam|4.7
AudioSV|+84 989 142 260|vietnam|4.7
Lapvip|+84 852 666 768|vietnam|4.7
An Phát Computer 151 Lê Thanh Nghị|+84 923 466 999|vietnam|4.7
Phúc Anh Smart World 141 - 143 Phạm Văn Đồng|+84 24 3968 9966|vietnam|4.7
Thanh Nhan Computer LLC (Electronics Shop)|+84 28 3925 0259|vietnam|4.7
Nhan Laptop - Lifetime Warranty|+84 707 691 111|vietnam|4.7
TRẦN GIA COMPUTER|+84 937 547 855|vietnam|4.7
Máy Tính Nguyễn Công 249 Lý Thường Kiệt HCM|+84 707 086 666|vietnam|4.7
SaiGon Computer Q1|+84 937 872 877|vietnam|4.7
Laptop Repair Center Credits Tphcm|+84 904 580 004|vietnam|4.7
Trí Nhân Laptop|+84 988 661 875|vietnam|4.7
Sửa chữa Laptop Macbook Uy Tín Lấy Liền - MrLaptop Quận 3|+84 968 450 450|vietnam|4.7
Sửa chữa laptop, máy tính - Cửa hàng ITFIX|+84 966 489 633|vietnam|4.7
Center FASTCARE Binh Thanh|+84 1800 2057|vietnam|4.7
Sintech | PC, Laptop, Màn hình, Linh kiện máy tính laptop|+84 911 713 000|vietnam|4.7
An Phát Computer 84T/14 Trần Đình Xu|+84 918 858 797|vietnam|4.7
GamesCenter Store|+84 345 856 789|vietnam|4.6
Xgear|+84 28 7108 1881|vietnam|4.6
Máy tính PCM - HCM|+84 879 979 997|vietnam|4.6
Minh An Computer - Laptop PC Gaming Đồ Họa Workstation|+84 1800 6321|vietnam|4.5
M8 Computer - Sửa Chữa Gaming Gear - In Lót Chuột - Sửa Bàn Phím Cơ - Sửa Chuột - Sửa Tai Nghe Gaming - Sửa Tay Cầm Chơi Game|+84 979 517 538|vietnam|4.5
APSHOP|+84 938 975 268|vietnam|4.5
Phong Vu Computer Store|+84 1800 6867|vietnam|4.5
Phuc Anh Computer Company|+84 24 3968 9966|vietnam|4.4
TK Co.,Ltd|+84 909 668 826|vietnam|4.4
One Warranty - Repair Phones, Laptops, Tablets|+84 28 3957 2222|vietnam|4.4
Cấp Cứu Laptop - Cấp Cứu Di Động - Phụ Kiện Điện Thoại - Quận Bình Tân|+84 1800 7008|vietnam|4.4
Bệnh Viện Điện Thoại, Laptop 24h|+84 1900 0213|vietnam|4.4
HP Service Center|+84 1800 588868|vietnam|4.4
HACOM QUẬN 3 HỒ CHÍ MINH|+84 28 7300 0322|vietnam|4.4
HANOINEW COMPUTER|+84 24 2239 8888|vietnam|4.3
Playzone Gaming Gear Shop|+84 965 789 666|vietnam|4.3
Lắc Đầu Store|+84 349 296 461|vietnam|4.3
TekCore - Chuyên PC tản nước Đồ họa và Game|+84 28 2249 9777|vietnam|4.3
Phong Vu Computer|+84 1800 6867|vietnam|4.2
Tân Doanh|+84 783 666 668|vietnam|4.2
Phong Vũ|+84 1800 6867|vietnam|4.2
Laptop Xách Tay Shop|+84 903 344 188|vietnam|4.2
An Phát Computer|+84 918 557 006|vietnam|4.1
Hanoi Computer|+84 24 3628 0886|vietnam|4.1
Cấp Cứu Laptop - Cấp Cứu Di Động - Đại Hào - Phụ Kiện Điện Thoại|+84 1800 7008|vietnam|4.1
Nhất Tín Computer|+84 915 391 010|vietnam|4.1
Khánh Thảo Computer|+84 28 3839 0019|vietnam|4.0
Hanoi Computer|+84 1900 1903|vietnam|3.9
